2162356,ESOMEPRAZOLE MYPLIX 20 MG CPR GASTRORESISTANT 14
2162741,ESOMEPRAZOLE ALMUS 20 MG CPR GASTRORESISTANT 7
2163002,ESOMEPRAZOLE ALTISO 20 MG CPR GASTRORESISTANT 14
2163999,ZOLPRAZE 40 MG Gé CPR GASTRORESISTANT 14
2195775,BICALUTAMIDE ZYDUS 50 MG CPR 30
2196332,DONEPEZIL ACTAVIS 10 MG CPR 28
2224956,BUPRENORPHINE ACTAVIS 2 MG CPR 7
2230833,CANDESARTAN RATIOPHARM 8 MG CPR SEC 30
2233754,"CANDESARTAN/HYDROCHLOROTHIAZIDE RATIOPHARM 8 MG/12,5 MG CPR 90"
2235397,"CANDESARTAN/HYDROCHLOROTHIAZIDE ISOMED 16 MG/12,5 MG CPR 30"
2235440,"CANDESARTAN/HYDROCHLOROTHIAZIDE ISOMED 16 MG/12,5 MG CPR 90"
3002778,ALLERGEFON 2MG CPR 40
3002790,ALLOCHRYSINE 25MG/2ML SOL INJ 1/2 ML
3003861,AMPHOCYCLINE CPR VAGINAL 12
3007468,ASPIRINE PH8 500MG CPR 20
3007474,ASPIRINE PH8 500MG CPR 50
3015686,BRONCHOSPRAY SOL 1/35 ML
3019276,CATALGINE 100MG PDR ORALE 20
3019483,"CELESTENE 0,5MG CPR 30"
3019968,CEPOREXINE 500MG GELULE 12
3030220,DEXTRARINE PHENYLBUTAZONE POM 60G 1/60 G
3036501,REPARIL 20MG CPR 100
3036518,REPARIL 20MG CPR 40
3036760,EPHYNAL ROCHE 100MG CPR 20
3038641,"EUROBIOL 4,5G PDR ORALE FL 10/4,5 G"
3039333,FEBRECTOL 300MG/30MG ENF SUPPO 6
3039356,FEBRECTOL 150MG/20MG NR SUPPO 6
3042430,GARASPIRINE CPR 20
3044541,GLUCIDORAL 500MG CPR 100
3044558,GLUCIDORAL 500MG CPR 30
3047166,"HALDOL FAIBLE 0,5MG/ML SOL BUV GTTE 1/30 ML"
3049449,HEXAPNEUMINE AD SUPPO 6
3049484,HEXAQUINE SUPPO 6
3051222,HYDERGINE 1MG/ML SOL BUV 1/50 ML
3054255,ISKEDYL SOL BUV FL 30ML 1/30 ML
3058804,SOL PHYSIOLOGIQUE PHENOLE LAVOISIER 1/9 ML
3072454,NIBIOL 100MG CPR 50
3073086,NIVAQUINE 50MG/ML SOL INJ 5/2 ML
3076564,TOTAPEN 500MG GELULE 8
3086350,PROCAINE BIOSTABILEX 2% SOL INJ 5ML 6/5 ML
3089437,RADIOSELECTAN U V 76% INJ 20ML 1/20 ML
3090340,RELVENE 4% SOL BUV GTTE 1/90 ML
3091635,RIMACTAN 300MG GELULE 8
3098519,SPAGULAX CITRATE POTASSIUM GRANULES 1/700 G
3112969,VISCERALGINE 10MG/5ML SIROP 1/150 ML
3112975,VISCERALGINE 20MG SUPPO 20
3116192,NIFLURIL 3% POMMADE 1/60 G
3126167,"SODIUM CHLORURE FRESENIUS 0,9% INJ FV 250ML 1/250 ML"
3129361,DIAMICRON 80MG CPR 20
3129378,DIAMICRON 80MG CPR 60
3131228,LOMUDAL 20MG GELULE+SPINHALER 30
3131234,LOMUDAL 20MG GELULE RECHARGE 30 30
3138897,STRUCTUM 250MG GELULE 60
3139709,GLUCOSE AGUETTANT 10% SOL INJ FV 500ML 1/500 ML
3142456,LERCANIDIPINE QUALIMED 20MG CPR 30
3143131,"DIPROSONE 0,05% POMMADE TUBE 15G 1/15 G"
3147548,URANIUM COMP BOIR GRLS TB80
3148246,PASSIFLORA COMPOSE SOLUTION BUVABLE 30 ML
3148252,PASSIFLORA COMPOSE GRANULE 4 G
3148312,SAPONARIA COMPOSE SOLUTION BUVABLE 15 ML
3148418,DROSERA COMPOSE GRANULE 4 G
3151981,"MAG 2 1,5G/10ML SOL BUV AMP 30/10 ML"
3170642,SERMION LYOC 5MG LYOPHILISAT ORAL 30
3174893,GYNO DAKTARIN 2% GEL VAGINAL 1/70 G
3176716,NEUROLITHIUM 2G/10ML SOL BUV AMP 20/10 ML
3178738,RHEOBRAL GELULE 60
3179270,NEUROLITHIUM 1G/5ML SOL BUV AMP 24/5 ML
3179979,CLOFIBRAL 500MG CAPSULE 100
3184354,GLUCOSE AGUETTANT 5% SOL INJ FV 250ML 1/250 ML
3192282,BIAFINE EMULSION TUBE 1/93 G
3198505,VINCARUTINE GELULE 45
3207351,SEGLOR 2MG/ML SOL BUV 1/75 ML
3214960,GYNO DAKTARIN 100MG CAPSULE 14
3215528,HUMORYL 200MG GELULE 30
3227520,VASTAREL 20MG/ML SOL BUV 1/60 ML
3236909,SPASMAG GELULE 60
3240905,LENITRAL PERCUTANE 2% POMMADE 1/80 G
3251211,OROPIVALONE BACITRACINE CPR 40
3251760,CATALGINE 250MG PDR ORALE 20
3252802,"HYDERGINE 4,5MG CPR 30"
3254310,AMOXICILLINE RATIOPHARM 125MG/5ML PDR 1/60 ML
3254327,AMOXICILLINE RATIOPHARM 250MG/5ML PDR 1/60 ML
3254600,"ROVAMYCINE 0,375MUI/5ML SIROP 1/150 ML"
3254617,THEOLAIR LP 175MG CPR 30
3254623,THEOLAIR 125MG CPR 30
3255775,ACTRAPID HM 40UI/ML SOL INJ 1/10 ML
3259810,CYSTINE BAILLEUL 500 MG 20 GELULES
3260606,PROCTOCORT MOUSSE RECTALE 20
3265733,FARLUTAL 500MG CPR 30
3269872,"ATROVENT 0,02MG SUSP INHAL 1/10 ML"
3272153,GRAMIDIL 500MG/5ML PDR ORALE FL GE 1/60 ML
3279221,"SODIUM BICARBONATE MERAM 1,4% INJ 500ML 1/500 ML"
3282602,AGRAM 500MG/5ML PDR ET SOL INJ IM 1/5 ML
3282619,AGRAM 1G/5ML PDR ET SOL INJ IM 1
3282967,LOMUDAL 5MG SUSP INHAL 112
3286161,AGRAM 500MG CPR EFF 12
3287798,TRAMISAL 40MG/ML SOL BUV 1/30 ML
3289679,UVIMAG B6 SOL BUV 20/10 ML
3289952,BUSPAR 10MG CPR SEC 20
3291699,MEGAMAGNESIA 45MG GELULE 40
3292606,VIDORA 25MG CPR 30
3292635,SPASMAG SOL BUV AMP 30/5 ML
3298129,CIFLOX 250MG CPR 12
3298135,CIFLOX 500MG CPR 12
3299991,CACIT 1000MG CPR EFF 10
3300168,XENID 100MG SUPPO 10
3300257,BRONCHODUAL 50 MCG/20 MCG/DOSE SOL INHAL 200 DOSES
3308945,PREPULSID ENF NR 1MG/ML SUSP BUV 1/100 ML
3309583,JOSACINE 500MG PDR ORALE SACHET 12/750 MG
3310244,PERINDOPRIL SERVIER 4MG CPR 30
3310965,JOSACINE 250MG PDR ORALE SACHET 12
3312556,"BETANOL 0,1% COLLYRE FL 3ML 1/3 ML"
3313389,ALGIFENE 200MG CPR 20
3315744,"MINIRIN 0,1MG CPR 15"
3319535,PARLODEL 5MG GELULE 30
3322164,"OCUFEN 0,03% COLLYRE FLACON 1/5 ML"
3322945,COLOPRIV 100MG CAPSULE Gé 30
3325748,ISOPTO PILOCARPINE 3% COLL 10ML 1/10 ML
3325777,ISOPTO PILOCARPINE 4% COLL 10ML 1/10 ML
3325820,"MAG 2 2,25G PDR ORALE SACHET 30"
3326216,SERMION LYOC 10MG LYOPHILISAT ORAL 30
3327606,OPTIRAY 300 SOL INJ FL 50ML 1/50 ML
3327641,OPTIRAY 300 SOL INJ FL 60ML + NEC 1/60 ML
3329568,CALCIUM GLUCONATE LAV 10% SOL INJ 10ML 10/10 ML
3329812,SARGENOR 1G/5ML SOL BUV 40/5 ML
3334339,IVEPAQUE 300MG I/ML SOL INJ 20ML 1/20 ML
3334351,IVEPAQUE 300MG I/ML SOL INJ 100ML 1/100 ML
3334486,"INSULATARD NPH PENF.150UI/1,5ML 5/1,5 ML"
3334693,CALDINE 2MG CPR 28
3334842,PULMICORT 200 MCG/DOSE SOL INHAL 100 DOSES
3335238,ISKEDYL SOL BUV FL 70ML 1/70 ML
3337585,PERCUTALGINE SPRAY SOL 1/40 ML
3337705,OLCAM 20MG GELULE GE 15
3338722,"PREVIGRIP SUSP INJ 1/0,5 ML"
3341813,APRANAX 500MG SUPPO 12
3344378,SICAZINE 1% CREME TUBE 50G 1/50 G
3347537,FOZITEC 10 MG CPR SEC 28
3348057,LODINE LP 400 MG CPR 14
3349737,KETOPROFENE RPG LP 200MG CPR 14
3356401,CEFADROXIL ZYDUS 500 MG GELULE 12
3357056,NICORETTE 4 MG SANS SUCRE GOMME A MACHER MEDIC 36
3357777,IVEPAQUE 350MG I/ML SOL INJ 50ML+NEC 1/50 ML
3363252,DYNABAC 250MG CPR 16
3365297,NICORETTE 15 MG/16 H DISP TRANSDERM 28
3366173,XATRAL LP 5MG CPR 56
3372564,DONCEF 500MG GELULE GE 12
3373902,SERMION 5MG GELULE 30
3374356,MUCOTHIOL 200MG CPR 30
3377662,XENETIX 250 SOL INJ FL 50ML + NEC 1/50 ML
3379365,IOMERON 300 SOL INJ 1/ 75 ML
3380865,CELANCE 1MG CPR SEC 30
3381066,NICERGOLINE RPG 10MG GELULE 30
3381758,TRASICOR RETARD 160MG CPR 28
3383131,"PHYSIOTENS 0,2MG CPR 28"
3384159,CARPILO COLLYRE FL 3ML 1/3 ML
3385319,CYMEVAN 250MG GELULE 84
3389317,MOBIC 15MG SUPPO 12
3391165,AGRAM 1G CPR DISPERSIBLE GE 6
3395795,FRACTAL 20MG GELULE 28
3399385,NAVOBAN 5MG GELULE 2
3399971,"AGRAM 125MG/5ML PDR ORALE FL GE 1/39,2 G"
3400013,"AGRAM 500MG/5ML PDR ORALE FL GE 1/39,2 G"
3401774,GLUCOSE AGUETTANT 5 P. 100 SOL INJ 1/ 50 ML
3401828,"CHLORURE DE SODIUM AGUETTANT 0,9 P. 100 SOL INJ 1/ 50 ML"
3401834,"CHLORURE DE SODIUM AGUETTANT 0,9 P. 100 SOL INJ 1/ 100 ML"
3401863,"CHLORURE DE SODIUM AGUETTANT 0,9 P. 100 SOL INJ 1/ 1000 ML"
3404732,NAVOBAN 5MG GELULE 1
3406458,SPAGULAX SORBITOL GRANULES SACHET 20
3407334,SUCRALFATE RPG 1G CPR 30
3407417,DICLOFENAC RPG 100MG SUPPO 10
3410359,"FOZIRETIC 20 MG/12,5 MG CPR SEC 28"
3410810,MAGNOGENE 55MG GELULE 60
3411212,TRIMETAZIDINE ALMUS 20 MG CPR 60
3411459,KETOPROFENE RPG 100MG CPR 30
3412329,GENTAMICINE LEURQUIN 40 MG/2 ML SOL INJ 1/2 ML
3412571,AMODEX 1G CPR PR SUSP BUV GE 6
3414423,TRIMETAZIDINE BIOGARAN 20MG/ML SOL BUV 1/60 ML
3417516,REVIA 50MG CPR 28
3418970,ATRICAN 250MG CAPSULE 8
3420228,LOPERAMIDE GIFRER 2MG GELULE 20
3421328,AUREOMYCINE EVANS 3% POMMADE 1/15 G
3421676,MOTILYO 10MG LYOPHILISAT ORAL 30
3421765,"MOBIC 7,5MG SUPPO 12"
3423646,ARIMIDEX 1MG CPR 28
3424232,NICORETTE ORANGE 2 MG SANS SUCRE GOMME A MACHER MEDIC 96
3424278,"OMNISCAN 0,5MMOL/ML SOL INJ FV 5ML 1/5 ML"
3430089,EXIDOL 500MG/50MG CPR EFF 16
3430847,BUFLOMEDIL MYLAN 150MG CPR 20
3431114,CAPTOPRIL RPG 50MG CPR SEC 30
3431829,AMODEX 1G CPR PR SUSP BUV GE 14
3434087,AZANTAC 75MG CPR 14
3436198,PROXALYOC 10 MG LYOPHILISAT ORAL 30
3438033,IBUPROFENE MSD 200MG CPR PELL 30
3439908,KAPANOL LP 50MG GELULE 7
3443057,HUMALOG PEN 300UI/3ML SOL INJ 5/3 ML
3444714,GLUCOSE 5 P.100 FRESENIUS POCHE 1/250 ML
3445524,OGAST 30MG GELULE 7
3447345,RANITIDINE RPG 300MG CPR 14
3447434,RANITIDINE MERCK 300MG CPR 14
3450175,SELEGILINE CRISTERS 5MG CPR 30
3454291,PARACETAMOL RPG 500MG GELULE 16
3455824,ASPIRINE MYLAN 500 MG PDRE SOL BUV SACHET 20
3455913,AGRAM 1G CPR DISPERSIBLE GE 14
3456924,TRIMETAZIDINE EG 20MG/ML SOL BUV 1/60 ML
3457208,ATACAND 4MG CPR 28
3457355,PILO 1% COLLYRE FL 10ML 1/10 ML
3457496,"WYTENS 10MG/6,25MG CPR 30"
3458219,EQUANIL 400MG CPR SEC 30
3458952,"LODOZ 2,5MG/6,25MG CPR 30"
3459006,"LODOZ 5MG/6,25MG CPR 30"
3459029,"LODOZ 5MG/6,25MG CPR 90"
3459058,"LODOZ 10MG/6,25MG CPR 30"
3459070,"LODOZ 10MG/6,25MG CPR 90"
3459153,"CONDITIONNEMENT REGROUPANT LES SPECIALITES DT COQ,"
3460475,"AUGMENTIN 250MG/31,25MG NR PDR 12"
3460877,MAG 2 100MG CPR 60
3463953,TAMOXIFENE BIOGARAN 30MG CPR 30
3466035,PROFENID 100MG/2ML SOL INJ IM 2/2 ML
3467017,CAPTOPRIL QUALIMED 50MG CPR SEC 30
3467023,CAPTOPRIL QUALIMED 25MG CPR SEC 30
3474164,"REBIF 22 MCG (6 M UI) SOL INJ 3/0,5 ML"
3476832,TITANOREINE CREME TUBE 1/20 G
3477599,PIROXICAM RATIOPHARM 10MG GELULE 30
3478446,"ZOPICLONE RPG 7,5MG CPR SEC 14"
3482695,OCADRIK LP GELULE 28
3483915,NICORETTE INHALEUR 10 MG TAMPON CARTOUCHE 18
3484062,COUMADINE 10MG CPR 30
3484079,DERMOBACTER SOL FL 125ML 1/125 ML
3484470,"NATEAD 0,1MG/2ML PDR ET SOL INJ 1"
3485009,ASPIRINE RATIOPHARM 500MG CPR 20
3486003,NITRENDIPINE MYLAN 20MG CPR 28
3487847,UMULINE PROFIL 20 PEN 300UI/3ML SUSP 5/3 ML
3489243,RANITIDINE G GAM 150MG CPR 30
3489711,"SAIZEN 8 MG/2,7 ML PDRE SOLV SOL INJ 1"
3491211,METFORMINE MSD 850 MG CPR 30
3491352,MINOCYCLINE RPG 100MG CPR 14
3493256,NICORETTE MICROTAB 2 MG CPR 105
3493397,INSUMAN COMB 15 300UI/3ML SUSP INJ 5/3 ML
3493440,INSUMAN COMB 25 300UI/3ML SUSP INJ 5/3 ML
3493486,INSUMAN COMB 50 500UI/5ML SUSP INJ 1/5 ML
3493575,EPREX 40 000UI/ML SOL INJ FL 1ML 4/1 ML
3494273,DUSPATALIN 200 MG CPR 30
3494735,HUMALOG MIX25 PEN 300/3ML SUSP INJ 5/3 ML
3494741,HUMALOG MIX50 PEN 300UI/3ML SUSP INJ 5/3 ML
3494758,HUMALOG BASAL 100 UI/ML PEN SUSP INJ STYLO 5/3 ML
3497277,PIRACETAM BIOGARAN 400MG CPR 90
3497478,IMMUCYST 81MG PDR ET SOL 1
3498153,"NEUPOGEN 48MU/1,6ML SOL INJ FL 5/1,6 ML"
3503078,SIMVASTATINE ACTAVIS FRANCE 40 MG CPR 90
3503517,TOPIRAMATE BLUEFISH 200 MG CPR 28
3503724,DESOGESTREL ETHINYLESTRADIOL QUILL 150 MCG/20 MCG CPR 63
3503782,DESOGESTREL ETHINYLESTRADIOL QUILL 150 MCG/30 MCG CPR 63
3506332,"ZOFENIL 7,5 MG CPR 28"
3507082,ZOFENIL 60 MG CPR 28
3510374,TRIMETAZIDINE MYLAN 20MG/ML SOL BUV 1/60 ML
3512657,PIRACETAM RPG 800MG CPR SEC 45
3512746,ACICLOVIR AGUETTANT 500 MG SOL INJ 1
3514805,BETAHISTINE G GAM 8MG CPR 90
3517229,VERAPAMIL IREX LP 120MG GELULE 28
3517235,VERAPAMIL IREX LP 240MG GELULE 28
3521900,METFORMINE ACTAVIS 500 MG CPR 90
3522791,GLUCOSE MACO PHARMA 5% SOL INJ POC 100ML 1/100 ML
3522822,GLUCOSE MACO PHARMA 5% SOL INJ POC 250ML 1/250 ML
3522897,GLUCOSE MACO PHARMA 5% SOL INJ P+N 500ML 1/500 ML
3522905,GLUCOSE MACO PHARMA 5% SOL INJ P+N 1L 1/1 L
3524695,LIPIREX 67MG GéLULE Gé 60
3524703,LIPIREX 200MG GELULE GE 30
3525269,NICERGOLINE BIOGARAN 5MG GELULE 30
3525364,ACETYLCYSTEINE BAYER 200MG GLE 30/2 G
3526300,KABIVEN EMULSION INJ 1026ML 1/1026 ML
3526323,KABIVEN EMULSION INJ POCHE 1/2053 ML
3526984,BUFLOMEDIL G GAM 150MG CPR 20
3528210,BUFLOMEDIL ACTAVIS 150 MG CPR 20
3528492,"ZOPICLONE ALTER 7,5MG CPR SEC 5"
3529847,"ZOPICLONE RATIOPHARM 7,5MG CPR SEC 5"
3530388,LACTULOSE MARCOFINA 10G/15ML SOL 20/15 ML
3531821,OMNIPAQUE 350 MG IODE/ML SOL INJ 1/175 ML
3531844,"OMNIPAQUE 300 MG IODE/ML SOL INJ 1/1,75 ML"
3532482,GLICLAZIDE QUALIMED 80MG CPR 20
3532588,CLOMIPRAMINE ZYDUS 10MG CPR 60
3533636,"ZOMIGORO 2,5MG CPR 2"
3534340,NICERGOLINE EG 10MG GELULE 30
3534506,TRIMETAZIDINE G GAM 20MG CPR 60
3535954,"CHLORURE DE SODIUM MACO PHARMA 0,9 P. 100 INJ 50ML+NEC 1/50 ML"
3535960,"CHLORURE DE SODIUM MACO PHARMA 0,9 P. 100 INJ P100ML+NEC 1/100 ML"
3535983,"CHLORURE DE SODIUM MACO PHARMA 0,9 P. 100 INJ P250ML+NEC 1/250 ML"
3536008,"CHLORURE DE SODIUM MACO PHARMA 0,9 P. 100 INJ P500ML+NEC 1/500 ML"
3536014,"CHLORURE DE SODIUM MACO PHARMA 0,9 P. 100 INJ P1L+NEC 1/1000 ML"
3537410,DESMOPRESSINE RPG 10 MCG/DOSE SOL NASALE 25 DOSES
3538378,NICERGOLINE EG 5MG GELULE 30
3539320,"COKENZEN 8MG/12,5MG CPR 28"
3539521,"NEUPOGEN 48MU/0,5ML SOL INJ SER 5/0,5 ML"
3540458,GLICLAZIDE ALTER 80MG CPR 60
3541216,PIRACETAM ZYDUS 800MG CPR 45
3541570,PIRACETAM ZYDUS 800MG CPR 45
3543824,DEXTROPROPOXYPHENE PARACETAMOL ALTER 30 MG/400 MG GELULE 20
3545183,TRIMETAZIDINE ACTAVIS 20 MG CPR 60
3546900,IOMERON 250 SOL INJ FL150ML + SER AN 1/150 ML
3547957,CLOMIPRAMINE ZYDUS 25MG CPR 60
3549672,LUVERIS 75 UI PDRE SOLV SOL INJ 10
3549867,TRIMETAZIDINE RPG 20MG CPR 60
3552898,IBUPROFENE MENARINI 5 % GEL TUBE 1/60 G
3553509,PERIKABIVEN EMULSION INJ P 1920ML 2/1920 ML
3553515,PERIKABIVEN EMULSION INJ P 1440ML 4/1440 ML
3553538,AVANDIA 2MG CPR 56
3553573,AVANDIA 4MG CPR 28
3553633,AVANDIA 8MG CPR 28
3554199,"TOBRAMYCINE MYLAN 75 MG/1,5 ML SOL INJ 1/1,5 ML"
3556784,GLICLAZIDE MILGEN 80 MG CPR SEC 20
3556790,GLICLAZIDE MILGEN 80 MG CPR SEC 60
3559185,SUCRALFATE TEVA 1G SUSP BUV SACHET 30/5 ML
3562885,"PRETERAX 2 MG/0,625 MG CPR SEC 90"
3562891,"BIPRETERAX 4 MG/1,25 MG CPR 90"
3566653,ENALAPRIL SANDOZ 5MG CPR 28
3566794,KALETRA CAPSULE 180
3567167,TRASEDAL 50MG CPR EFF GE 30
3568043,"ARANESP 0,300MG/0,6ML SOL INJ SER 4/0,6 ML"
3570525,PENTOXIFYLLINE RPG LP 400MG CPR 30
3571140,ENALAPRIL RATIOPHARM 5MG CPR 28
3571186,ENALAPRIL RATIOPHARM 20MG CPR 28
3571252,TRIMETAZIDINE QUALIMED 20MG/ML SOL BUV 1/60 ML
3573038,TETRAZEPAM QUALIMED 50 MG CPR SEC 20
3573268,FLUOXETINE G GAM 20MG GELULE 14
3573340,MOLSIDOMINE G GAM 2MG CPR 30
3573854,CEFTRIAXONE SG-PHARM 500 MG/2 ML PDR INJ IM 1/500 MG
3574279,BUFLOMEDIL ARROW 150MG CPR 20
3574434,"CEFTRIAXONE QUALIMED 0,5G/5ML PDR INJ 1/500 MG"
3574523,CEFTRIAXONE QUALIMED 1G/10ML PDR INJ 1/1 G
3574581,TRIMETAZIDINE ARROW 20MG/ML SOL BUV 1/60 ML
3575267,NIQUITIN 4MG CPR SS SUCRE 36
3577711,FOSTIMON 75UI/1ML SOL INJ 1
3577728,FOSTIMON 75UI/1ML SOL INJ 5
3577734,FOSTIMON 150UI/1ML SOL INJ 1
3580239,VALACICLOVIR CRISTERS 500 MG CPR 90
3581380,CARTEABAK 1% COLLYRE FL 5ML 1/5 ML
3582497,CEFATRIZINE BIOGARAN 500MG GELULE 8
3582617,MOLSIDOMINE RATIOPHARM 4 MG CPR SEC 90
3582669,MOLSIDOMINE ALMUS 4MG CPR 30
3582729,LACTULOSE G GAM 10G/15ML SOL BUV SAC 20/15 ML
3582830,PENTOXIFYLLINE RATIOPHARM LP 400MG CPR 30
3584941,GLIVEC 100 MG GELULE 180
3586006,PENGLOBE 400MG CPR 12
3586029,PENGLOBE 600MG CPR 12
3587709,ACEBUTOLOL QUALIMED 400MG CPR 30
3587750,DEXTROPROPOXYPHENE PARACETAMOL ALMUS 30 MG/400 MG GELULE 20
3588784,LORAZEPAM APOTEX FRANCE 1 MG CPR SEC 50
3588815,ATENOLOL APOTEX FRANCE 100 MG CPR SEC 28
3589111,"CIBACALCINE 0,25MG PDR ET SOL INJ 5/10,25 MG"
3590284,CEFADROXIL G GAM 1G CPR DISPERSIBLE 6
3594023,TAMOXIFENE RPG 10MG CPR 30
3595146,PIRACETAM MYLAN 400MG CPR 90
3595206,PIRACETAM QUALIMED 400MG CPR 60
3595235,PIRACETAM QUALIMED 800MG CPR 45
3595382,"AERIUS 0,5MG/ML SIROP FL 150ML 1/150 ML"
3595502,"PRITORPLUS 40MG/12,5MG CPR 28"
3596068,NIQUITIN 2MG GOMME SS SUCRE 96
3596157,MOLSIDOMINE QUALIMED 2MG CPR 90
3599701,LERCAN 20MG CPR 28
3600982,BUDESONIDE TEVA 200 MCG PDRE INHAL EN GELULE 60
3601941,ENALAPRIL RATIO 5 MG CPR SEC 30
3603561,AMOXICILLINE/ACIDE CLAVULANIQUE RATIOPHARM 1G/125MG AD SACH 8/3 G
3603578,AMOXICILLINE/ACIDE CLAVULANIQUE RATIOPHARM 1G/125MG AD SACH 12/3 G
3603905,TRIMEBUTINE CRISTERS 100MG CPR 30
3603928,TRIMETAZIDINE CRISTERS 20MG CPR 60
3605809,BISOPROLOL IREX 10 MG CPR SEC 28
3606447,"TETRAVAC ACELLULAIRE SUSP INJ S/AIG 1/0,5 ML"
3610012,RANITIDINE ZYDUS 150MG CPR EFF 30
3610041,"AMOXICILLINE/ACIDE CLAVULANIQUE RATIOPHARM 500MG/62,5MG AD CPR 16"
3610058,"AMOXICILLINE/ACIDE CLAVULANIQUE RATIOPHARM 500MG/62,5MG AD CPR 24"
3610101,"AMOXICILLINE/ACIDE CLAVULANIQUE RATIOPHARM 100MG/12,5MG/ML ENF PDRE SUSP BUV 1/14 G"
3611336,ISOSORBIDE DIN TEVA LP 20MG GELULE 60
3611394,THEOPHYLLINE TEVA LP 200MG GELULE 30
3611980,ACTRAPID INNOLET 100 UI/ML SOL INJ STYLO 5/3 ML
3612086,ACTRAPID FLEXPEN 100 UI/ML SOL INJ STYLO 5/3 ML
3612100,MIXTARD 30 FLEXPEN 100 UI/ML SUSP INJ STYLO 5/3 ML
3612181,INFANRIXQUINTA SOL INJ 1
3613766,NICERGOLINE MYLAN 10MG GELULE 30
3613795,NICERGOLINE MYLAN 5MG GELULE 30
3613832,NICERGOLINE QUALIMED 5MG GELULE 30
3613861,NICERGOLINE QUALIMED 10MG GELULE 30
3613884,NICERGOLINE QUALIMED 10MG GELULE 90
3614010,TRIMETAZIDINE TEVA 20MG/ML SOL BUV 1/60 ML
3614429,PENTOXIFYLLINE TEVA SANTE LP 400MG CPR 30
3617534,PIRACETAM RATIOPHARM 800MG CPR SEC 45
3617758,GLICLAZIDE ALMUS 80MG CPR 20
3621205,DEXTROPROPOXYPHENE PARACETAMOL ACTAVIS 30 MG/400 MG GELULE 20
3623115,CLODRONATE G GAM 800MG CPR 60
3623836,OFLOXACINE RPG 200 MG CPR SEC 10
3631190,ANTIGLUCOMIL 850 MG Gé CPR 30
3631480,NICOTINELL 2MG GOMME MENT SS SUCRE 24
3631971,DEXTROPROPOXYPHENE PARACETAMOL ISOMED GELULE 20
3633102,BUFLOMEDIL QUALIMED 150MG CPR 20
3634981,AVANDAMET 1MG/500MG CPR 112
3634998,AVANDAMET 2MG/500MG CPR 112
3641739,"CEFTRIAXONE RPG 1G/10ML PDR INJ 1/1,19 G"
3644525,ADARTREL 1MG CPR 28
3646317,DIHYDROERGOTAMINE AMDIPHARM 3 MG CPR 60
3650069,ANTIGLUCOMIL 1000MG Gé CPR 30
3650336,PAMINJECT 3 MG/ML SOL INJ 4/5 ML
3650649,NIASPAN LP 375MG CPR 7
3650661,NIASPAN LP 500 MG CPR 28
3650678,NIASPAN LP 500MG CPR 56
3650709,NIASPAN LP 750MG CPR 56
3650715,NIASPAN LP 1000 MG CPR 28
3650721,NIASPAN LP 1000MG CPR 56
3651442,AVANDAMET 2MG/1000MG CPR 56
3651459,AVANDAMET 4MG/1000MG CPR 56
3651583,MIMPARA 60MG CPR 14
3652430,CELIPROLOL GERDA 200 MG CPR SEC 30
3653116,VITALOGINK 40 MG/ML SOL BUV 1/30 ML
3653122,VITALOGINK 40 MG/ML SOL BUV 1/90 ML
3659596,DEXTROPROPOXYPHENE PARACETAMOL SANDOZ 30 MG/400 MG GELULE 20
3664628,CAPTOPRIL/HYDROCHLOROTHIAZIDE QUALIMED 50 MG/25 MG CPR SEC 30
3667319,OMEPRAZOLE SET 10 MG GELULE 28
3667414,OMEPRAZOLE G GAM 10MG GELULE 14
3667420,OMEPRAZOLE G GAM 10MG GELULE 28
3667839,GABAPENTINE G GAM 600MG CPR 90
3668158,KALIALE 50 MG Gé CPR SEC 20
3671166,BUFLOMEDIL RATIOPHARM 150MG CPR 20
3671597,OFLOXACINE G GAM 200 MG CPR SEC 10
3672846,AMISULPRIDE SANDOZ 400 MG CPR SEC 30
3673656,AMOXICILLINE WINTHROP 1 G PDRE SUSP BUV SACHET 6/2500 MG
3674905,TRIMETAZIDINE WINTHROP 20 MG CPR 60
3674911,TRIMETAZIDINE WINTHROP 20 MG/ML 1 FLACON DE 60 ML
3675508,CEFUROXIME QUALIMED 125 MG CPR 8
3679618,PENTOXIFYLLINE SANDOZ LP 400 MG CPR 30
3683838,"RAMIPRIL RATIOPHARM 1,25MG GELULE 30"
3683927,"RAMIPRIL BIOGARAN 1,25MG GELULE 30"
3685122,RAMIPRIL RATIOPHARM 5MG GELULE 30
3685228,"RAMIPRIL RATIOPHARM 2,5MG GELULE 30"
3685369,DEXTROPROPOXYFENE PARACETAMOL CAFEINE TEVA CPR 20
3686452,NUROFENPRO ENFANT ET NOURRISSON SANS SUCRE 40 MG/ML GL 1/100 ML
3687138,OGASTORO 30 MG CPR DISP 14
3687144,OGASTORO 30 MG CPR DISP 28
3687167,OGASTORO 15 MG CPR DISP 14
3687173,OGASTORO 15 MG CPR DISP 28
3688416,OMEPRAZOLE GERDA 10MG GELULE GE 28
3689054,RANITIDINE QUALIMED 300 MG CPR 14
3689249,PINAVERIUM ARROW 50MG CPR 20
3689278,TRIMETAZIDINE SANDOZ 20MG/ML BUV 1/60 ML
3690620,MORPHINE 20 MG/ML SOL INJ 7/1 ML
3691884,"UFT (TEGAFUR, URACILE) GELULE 21"
3691890,"UFT (TEGAFUR, URACILE) GELULE 28"
3691909,"UFT (TEGAFUR, URACILE) GELULE 35"
3694055,LISINOPRIL RANBAXY 5MG CPR SEC 28
3695379,PAROXETINE G GAM 20MG CPR SEC 14
3695617,NIQUITIN 4MG CPR MENT F SS SUCRE 72
3696924,DEXTROPROPOXYFENE PARACETAMOL CAFEINE RATIOPHARM CPR 20
3697800,"RAMIPRIL BOUCHARA RECORDATI 2,5 MG GELULE 30"
3697898,RAMIPRIL BOUCHARA RECORDATI 5 MG GELULE 30
3698573,BECLOSPRAY 100 MCG/DOSE SOL INHAL 200 DOSES
3698797,AMINOMIX 500E SOL INJ POC 2L 4/2000 ML
3701418,GADOVIST 1 MMOL/ML SOL INJ 1/5 ML
3701565,DEXTROPROPOXYFENE PARACETAMOL CAFEINE ALMUS CPR 20
3701594,DEXTROPROPOXYPHENE PARACETAMOL CAFEINE MYLAN CPR 20
3702056,LORATADINE TEVA 1 MG/ML SIROP 1/100 ML
3705652,PRAVASTATINE RATIOPHARM 20MG CPR 30
3706108,ZOPHREN 4MG/2ML SOL INJ SER 1/2 ML
3709147,SPIRONOLACTONE ZYDUS 75 MG CPR SEC 90
3712468,ENALAPRIL ZYDUS 5 MG CPR SEC 90
3713172,SIMVASTATINE ALMUS 40 MG CPR 90
3713901,TAREG 160MG CPR 30
3714036,CAPTOPRIL/HYDROCHLOROTHIAZIDE RATIOPHARM 50 MG/25 CPR SEC 90
3714668,ACEBUTOLOL RATIOPHARM 400 MG CPR 90
3714846,CAPTOPRIL RATIOPHARM 50 MG CPR SEC 90
3714875,TRASITENSINE CPR 90
3715627,PRINIVIL 5MG CPR 84
3716911,ACTOS 30 MG CPR 84
3716992,AVANDIA 4MG CPR 84
3717655,"PRINZIDE 20MG/12,5MG CPR 84"
3717773,FENOFIBRATE RATIOPHARM 67 MG GELULE 90
3718034,TRASICOR RETARD 160MG CPR 90
3718637,"TAMSULOSINE DCI PHARMA LP 0,4 MG GELULE 30"
3718927,OMNIPAQUE 240 MG IODE/ML SOL INJ 1/20 ML
3719973,CACIT VITAMINE D3 500 MG/440 UI CPR 180
3722231,UBIT 100 MG (UREE 13C) CPR 1
3722509,"ENALAPRIL/HYDROCHLOROTHIAZIDE RATIOPHARM 20 MG/12,5 MG CPR SEC 84"
3722975,SIMVASTATINE BOUCHARA RECORDATI 40 MG CPR 90
3723070,CIPROFIBRATE RATIOPHARM 100 MG GELULE 90
3723176,AMINOMIX 1 SOL INJ POCHE BICOMP 1/1500 ML
3723963,DENSICAL VITAMINE D3 500 MG/400 UI GRANULES SACHET 180
3724129,CALCOS VIT D3 500MG/400UI CPR 180
3724721,GLIMEPIRIDE RATIO 1 MG CPR 90
3724939,GLIMEPIRIDE RATIOPHARM 1 MG CPR 90
3724997,GLIMEPIRIDE RATIOPHARM 3 MG CPR 90
3725703,"RAMIPRIL QUALIMED 2,5 MG CPR 30"
3729090,BISOPROLOL QUALIMED 10 MG CPR SEC 84
3729575,ATENOLOL QUALIMED 100 MG CPR SEC 90
3729977,ENALAPRIL MYLAN 5 MG CPR SEC 84
3730199,"ENALAPRIL/HYDROCHLOROTHIAZIDE QUALIMED 20 MG/12,5 CPR SEC 90"
3730503,"LISINOPRIL/HYDROCHLOROTHIAZIDE RANBAXY 20 MG/12,5 MG CPR SEC 84"
3730963,"RAMIPRIL RANBAXY 1,25 MG CPR 90"
3731129,CAPTOPRIL TEVA 25 MG CPR SEC 90
3731750,BISOPROLOL G GAM 10 MG CPR SEC 90
3732525,SERTRALINE EVOLUGEN 25MG GELULE GE 7
3732991,"AERIUS 0,5MG/ML SIROP FL 1/150 ML"
3733890,"RAMIPRIL ACTAVIS 2,5 MG CPR SEC 30"
3734122,RAMIPRIL ACTAVIS 10 MG CPR SEC 30
3735630,DEXTROPROPOXYPHENE PARACETAMOL CAFEINE QUALIMED CPR 20
3736210,NIFEDIPINE RPG LP 20 MG CPR 180
3736227,"ENALAPRIL/HYDROCHLOROTHIAZIDE RPG 20 MG/12,5 MG CPR SEC 90"
3736233,ENALAPRIL RPG 5 MG CPR SEC 90
3736285,ATENOLOL RPG 100 MG CPR SEC 90
3736612,KOREC 20 MG CPR SEC 84
3736718,JUSTOR 1 MG CPR SEC 84
3737706,DILTIAZEM RPG LP 300 MG GELULE 90
3737758,CIPROFIBRATE RPG 100 MG GELULE 90
3738367,QUINAPRIL MYLAN 20 MG CPR SEC 84
3738628,"LISINOPRIL/HYDROCHLOROTHIAZIDE QUALIMED 20 MG/12,5 MG CPR SEC 30"
3738657,CELIPROLOL QUALIMED 200 MG CPR SEC 30
3739102,ATENOLOL EG 100 MG CPR SEC 84
3739266,ENALAPRIL EG 20 MG CPR SEC 84
3739295,BISOPROLOL EG 10 MG CPR SEC 84
3739533,CAPTOPRIL/HYDROCHLOROTHIAZIDE ARROW 50 MG/25 MG CPR SEC 84
3741406,NEXEN 100 MG CPR 10
3741493,SEGLOR 5 MG GELULE 60
3742021,ZOFENIL 60 MG CPR 90
3742216,FENOFIBRATE WINTHROP 67 MG GELULE 90
3744907,NICERGOLINE TEVA 5 MG GELULE 30
3745060,"MOXONIDINE RATIOPHARM 0,2 MG CPR 30"
3745137,"MOXONIDINE RATIOPHARM 0,4 MG CPR 90"
3749193,GLIMEPIRIDE QUALIMED 4 MG CPR 90
3754248,IRBESARTAN ALTER 75 MG CPR 30
3754863,PRAVASTATINE RANBAXY 20 MG CPR SEC 84
3756098,ACETYLCYSTEINE EG 200MG PDR ORALE 20/3 G
3757324,"MOXONIDINE EG 0,4 MG CPR 28"
3760993,KALETRA 200MG/50MG FL CPR 120
3761828,ONDANSETRON RANBAXY 4 MG CPR 2
3762555,CELIPROLOL EG 200 MG CPR SEC 90
3764873,PERINDOPRIL DCI PHARMA 2 MG CPR 30
3766234,GLIMEPIRIDE ALTER 3 MG CPR 30
3766257,GLIMEPIRIDE ALMUS 1 MG CPR 30
3766547,ACICLOVIR SANDOZ 800 MG CPR 35
3766814,PIRACETAM SANDOZ 800MG CPR SEC 45
3769563,EXJADE 500 MG CPR DISP 84
3770017,DEXTROPROPOXYPHENE PARACETAMOL RPG 30 MG/400 MG GELULE 20
3770230,NIFEDIPINE RANBAXY LP 30 MG CPR 90
3770968,GABAPENTINE RANBAXY 800 MG CPR 90
3771614,TERBINAFINE DCI PHARMA 250 MG CPR 28
3771867,CHAMPIX 1MG CPR 56
3774529,TRIMETAZIDINE ZYDUS 20 MG CPR 60
3777605,NORVIR 100MG CAPSULE 84
3779892,QUINAPRIL WINTHROP 20 MG CPR SEC 28
3783468,KETOPROFENE RPG 50 MG GELULE 24
3783528,ENALAPRIL ALMUS 20 MG CPR SEC 90
3784278,BENAZEPRIL EG 10MG CPR 90
3784775,BISOPROLOL NICHE 10 MG CPR SEC 84
3785591,"RAMIPRIL RATIOPHARM 1,25 MG CPR 90"
3786076,CEFTAZIDIME AGUETTANT 1 G SOL INJ FL 1
3786165,TERBINAFINE ALMUS 250 MG CPR SEC 14
3786225,ONDANSETRON MYLAN 8MG CPR DISP 2
3786231,ONDANSETRON MYLAN 8MG CPR DISP 4
3787302,LOSARTAN ALTER 50 MG CPR SEC 84
3789123,METFORMINE RANBAXY 500 MG CPR 30
3789904,METFORMINE RANBAXY 1000 MG CPR 90
3791396,LISINOPRIL BIOGARAN 5 MG CPR SEC 90
3792125,"COTEVETEN 600 MG/12,5 MG CPR 90"
3799819,TRIMETAZIDINE BGR 35 MG CPR 60
3800126,RANITIDINE DCI PHARMA 50 MG/2 ML SOL INJ 5/2 ML
3801404,CEFTAZIDIME ARROW 2 G SOL INJ FL + SET TRANSF 1
3805394,"ARANESP 130 MCG SOL INJ 1/0,65 ML"
3805460,"ARANESP 130 MCG SOL INJ STYLO 1/0,65 ML"
3808286,LAMOTRIGINE QUALIMED 200MG CPR DISP 30
3808984,CLARITHROMYCINE SANDOZ 500 MG CPR 30
3809713,AERIUS 5MG CPR ORODISP 15
3813330,GRANISETRON MYLAN 1 MG CPR 2
3814973,AMOXICILLINE ALTER 125 MG/5 ML 1 FLACON DE 60 ML A
3815369,RASILEZ 150 MG CPR 30
3815375,RASILEZ 300 MG CPR 30
3818008,"LISINOPRIL HYDROCHLOROTHIAZIDE ALTER 20 MG/12,5 MG CPR SEC 90"
3820991,RASILEZ 300 MG CPR 28
3821513,"BINOCRIT 3 000 UI/0,3 ML SOL INJ 6/0,3 ML"
3826947,TOPIRAMATE QUALIMED 50MG CPR 28
3827869,TASIGNA 200 MG GELULE 28
3827881,TASIGNA 200 MG GELULE 112
3832474,DEXTROPROPOXYPHENE/PARACETAMOL/CAFEINE ISOMED 27 G/400 MG/30 MG CPR 20
3832511,LORATADINE MYLAN 1 MG/ML 1 FLACON DE 60 ML + GODET
3834964,FLUVASTATINE SANDOZ 20 MG GELULE 84
3836957,BASEAL 5 MG/ML SOL APPL LOCALE 1/125 ML
3837017,CAPTOPRIL/HYDROCHLOROTHIAZIDE WINTHROP 50 MG/25 MG CPR SEC 90
3837945,TYVERB 250 MG CPR 70
3837951,TYVERB 250MG CPR 140
3837974,ENALAPRIL ZYDUS 20 MG CPR SEC 30
3840108,MEPROBAMATE RCA 200MG CPR 20
3842337,VALACICLOVIR ALTER 500 MG CPR 112
3845784,PRAVASTATINE ARROW GENERIQUES 40 MG CPR 90
3849285,CLARITHROMYCINE EVOLUGEN 500 MG CPR 10
3850101,GLIMEPIRIDE ALTER 1 MG CPR 90
3851508,ANASTROZOLE TEVA 1 MG CPR 28
3852270,"RAMIPRIL ALTER 2,5 MG CPR SEC 90"
3852407,ALLOPURINOL RANBAXY 300 MG CPR 28
3852436,IBUPROFENE RANBAXY 200 MG CPR 30
3852502,NICERGOLINE RANBAXY 5 MG GELULE 30
3852519,NICERGOLINE RANBAXY 10 MG GELULE 30
3852525,NICERGOLINE RANBAXY 10 MG GELULE 90
3852666,AMIODARONE RANBAXY 200 MG CPR SEC 30
3853453,VENLAFAXINE QUALIMED 25MG CPR 30
3853737,VENLAFAXINE QUALIMED 50MG CPR 30
3854748,LOSARTAN/HYDROCHLOROTHIAZIDE ALTER 100 MG/25 MG CPR SEC 90
3857089,"FOSINOPRIL HYDROCHLOROTHIAZIDE ACTAVIS 20 MG/12,5 MG CPR SEC 28"
3857824,"MOXONIDINE SANDOZ 0,2 MG CPR 90"
3863090,AMLODIPINE GERDA 5 MG GELULE 90
3863374,LOSARTAN/HYDROCHLOROTHIAZIDE RANBAXY 100 MG/25 MG CPR 28
3863405,LOSARTAN/HYDROCHLOROTHIAZIDE RANBAXY 100 MG/25 MG CPR 84
3865479,BETAHISTINE RATIOPHARM 24MG CPR 60
3866467,"CILAZAPRIL TEVA 2,5 MG CPR SEC 90"
3866510,"CILAZAPRIL TEVA 0,5 MG CPR SEC 28"
3867484,MAGNESIUM/VITAMINE B6 MYLAN CPR 50
3868578,"ROPINIROLE RANBAXY 0,5MG CPR 21"
3868704,"ROPINIROLE RANBAXY 0,25MG CPR 21"
3870026,ONDANSETRON RANBAXY 4 MG CPR DISP 4
3870061,ONDANSETRON RANBAXY 4 MG CPR DISP 4
3872634,ROPINIROLE QUALIMED 2MG CPR 21
3872999,"NICOPASS 2,5MG PAST MENT F SS SUCRE 12"
3875271,"GLIBENCLAMIDE RANBAXY 2,5MG CPR 180"
3879955,"CARVEDILOL EG 6,25 MG CPR 14"
3883603,"ALPRAZOLAM DCI PHARMA 0,50 MG CPR SEC 30"
3893263,"TROLAMINE BIOGARAN 0,67 % EMULSION APPL CUTANEE TUBE 1/93 G"
3893441,BISOPROLOL ALMUS 10 MG CPR SEC 90
3894340,"TRANDOLAPRIL SANDOZ 0,5 MG GELULE 84"
3895552,FLUCONAZOLE EVOLUGEN 200 MG GELULE 7
3900454,FOSINOPRIL QUALIMED 10 MG CPR SEC 30
3900460,FOSINOPRIL QUALIMED 10 MG CPR SEC 90
3903151,"AMOXICILLINE/ACIDE CLAVULANIQUE RANBAXY 500 MG/62,5 MG CPR 16"
3903984,CLARITHROMYCINE QUALIMED 250 MG CPR 10
3904067,CLARITHROMYCINE QUALIMED 500 MG CPR 14
3904191,CLARITHROMYCINE MYLAN PHARMA 500 MG CPR 14
3905687,"RAMIPRIL ZYDUS FRANCE 1,25 MG CPR SEC 90"
3906356,"RISPERIDONE QUALIMED 0,5 MG CPR DISP 28"
3907551,BENAZEPRIL MYLAN 5 MG CPR SEC 30
3907574,BENAZEPRIL MYLAN 5 MG CPR SEC 90
3907901,"MAGNEGITA 0,5 MMOL/ML Gé SOL INJ 1/5 ML"
3907947,"MAGNEGITA 0,5 MMOL/ML Gé SOL INJ 1/30 ML"
3909254,LOSARTAN WINTHROP 50 MG CPR SEC 28
3909403,LOSARTAN WINTHROP 100 MG CPR 30
3922119,EFFENTORA 400 MCG CPR 4
3922734,"BISOPROLOL/HYDROCHLOROTHIAZIDE QUALIMED 2,5 MG/6,25 MG CPR 90"
3925595,VEPESIDE 50 MG CAPSULE 30
3925626,VEPESIDE 50 MG CAPSULE 5
3925827,NPLATE 500 MCG PDRE SOL INJ 1
3928524,"ROPINIROLE ACTAVIS 0,25MG CPR 12"
3928702,"ROPINIROLE ACTAVIS 0,50MG CPR 28"
3928866,"PERINDOPRIL/INDAPAMIDE QUALIMED 2 MG/0,625 MG CPR 90"
3930082,ROPINIROLE ACTAVIS 2MG CPR 28
3930722,PANTOPRAZOLE QUALIMED GENERIQUES 40MG CPR 7
3934134,"ZOLMITRIPTAN TEVA 2,5 MG CPR 6"
3934594,LEVOCARNITINE AGUETTANT 1 G/10 ML SOL BUV 10/15 ML
3938959,PANTOPRAZOLE ALMUS 40MG CPR 7
3939367,PERINDOPRIL RANBAXY 4 MG CPR SEC 30
3940488,OLANZAPINE ACTAVIS 10 MG CPR DISP 28
3944374,OROZAPINOL Gé 10 MG CPR DISP 28
3949549,LOSARTAN WINTHROP 100 MG CPR 90
3949963,FLUVASTATINE QUALIMED 20 MG GELULE 30
3949992,FLUVASTATINE QUALIMED 20 MG GELULE 90
3951606,FLUCONAZOLE PANPHARMA 50 MG GELULE 7
3955946,"LOSARTAN/HYDROCHLOROTHIAZIDE QUALIMED 50 MG/12,5 MG CPR 90"
3959128,"ARANESP 10 MCG SOL INJ 4/0,4 ML"
3962544,"ROPINIROLE ARROW 0,50 MG CPR 28"
3962751,ROPINIROLE ARROW 2 MG CPR 28
3972086,DESOGESTREL ETHINYLESTRADIOL ELKA 150 MCG/20 MCG CPR 21
3972092,DESOGESTREL ETHINYLESTRADIOL ELKA 150 MCG/20 MCG CPR 63
3972206,DESOGESTREL ETHINYLESTRADIOL ELKA 150 MCG/30 MCG CPR 63
3974783,EPORATIO 20 000 UI/1 ML SOL INJ 4/1 ML
3975794,SIMVASTATINE ALTER 20 MG CPR SEC 90
3976598,"LOSARTAN/HYDROCHLOROTHIAZIDE RANBAXY 50 MG/12,5 MG CPR 28"
3984824,LOSARTAN ALMUS 50 MG CPR 90
3985114,LOSARTAN ALMUS 100 MG CPR 90
3986639,FLUVASTATINE ZYDUS LP 80 MG CPR 90
3988609,"FOCETRIA SUSP INJ SER PRER 1/0,5 ML"
3988615,"FOCETRIA SUSP INJ SER PRER 10/0,5 ML"
3992574,PANENZA SUSP INJ FL MULTIDOSE 5ML 10/5 ML
3997040,REPAGLINIDE WINTHROP 1 MG CPR 270
3997175,REPAGLINIDE WINTHROP 2 MG CPR 270
4157721,IBUPROFENE RPG 400 MG CPR 30
4159803,PRAVASTATINE ALS 10 MG CPR 28
4160290,ACIDE FOLIQUE ACTAVIS 5 MG FLACON CPR 20
4161875,CLOPIDOGREL PFIZER 75 MG CPR 30
4167487,GLICLAZIDE ACTAVIS 30 MG CPR 30
4167725,GLICLAZIDE ACTAVIS 30 MG CPR 180
4172809,ATORVASTATINE ACTAVIS 40 MG CPR 28
4174197,ATORVASTATINE ACTAVIS 20 MG CPR 28
4180884,LAMOTRIGINE PFIZER 200 MG CPR DISP 30
4187538,IRBESARTAN PFIZER 150 MG CPR 30
4191899,VALSARTAN ACTAVIS 80 MG CPR SEC 30
4900083,OGAST 30MG GELULE (P) 28
4900143,COVERSYL 4 MG CPR SEC 30
4912258,METFORMINE QUALIMED GENERIQUES 500 MG CPR 90
4912442,METFORMINE QUALIMED GENERIQUES 850 MG CPR 30
4912488,METFORMINE QUALIMED GENERIQUES 850 MG CPR 90
4916434,TYVERB 250 MG CPR 84
4921613,CEFIXIME PFIZER 200 MG CPR 8
4924741,ONDANSETRON PFIZER 4 MG CPR 4
4926674,RAMIPRIL PFIZER 10 MG CPR SEC 30
4926711,RAMIPRIL PFIZER 10 MG CPR SEC 90
4938967,ATORVASTATINE SANDOZ 80 MG CPR 28
4940591,"BISOPROLOL ISOMED 2,5 MG CPR SEC 30"
4948581,CLARITHROMYCINE EVOLUGEN 500 MG CPR 5
4963178,"PRAMIPEXOLE QUALIMED 0,18 MG CPR 100"
4970356,"PRAMIPEXOLE RANBAXY 0,7 MG CPR SEC 100"
4976100,OMEPRAZOLE TEVA SANTE 20 MG GELULE GASTRORESISTANTE 7
4976117,OMEPRAZOLE TEVA SANTE 20 MG GELULE GASTRORESISTANTE 14
4979819,METFORMINE ACTAVIS 1000 MG  CPR SEC 90
4988215,"LETROZOLE KABI 2,5 MG CPR 30"
4989077,TERBINAFINE BIOSTABILEX 250 MG CPR SEC 14
4999868,MONTELUKAST EG 10 MG CPR 28
