2160050,MONTELUKAST PHR LAB 5 MG CPR 28
2160191,MONTELUKAST PHR LAB 10 MG CPR 28
2160506,ESOMEPRAZOLE RPG 20 MG CPR GASTRORESISTANT 28
2160601,ESOMEPRAZOLE RPG 40 MG CPR GASTRORESISTANT 28
2161150,ESOMEPRAZOLE TEVA PHARMA 20 MG CPR GASTRORESISTANT 28
2161279,LHRH FERRING 100 MCG/ML SOL INJ 1/1 ML
2162221,ESOMEPRAZOLE TEVA PHARMA 40 MG CPR GASTRORESISTANT 14
2163781,ESOCIFAR 40 MG Gé CPR GASTRORESISTANT 28
2163864,ZOLPRAZE 20 MG Gé CPR GASTRORESISTANT 7
2164013,ZOLPRAZE 40 MG Gé CPR GASTRORESISTANT 28
2165366,DOXAZOSINE MYLAN LP 4 MG CPR 28
2165679,DOXAZOSINE MYLAN LP 8 MG CPR 28
2165828,CLARELUX 500 MCG/G MOUSSE APPL CUT FL 1/100 G
2166294,"AMOROLFINE CRISTERS 5 % VERNIS A ONGLES MEDIC 1/2,5 ML"
2166302,"AMOROLFINE CRISTERS 5 % VERNIS A ONGLES MEDIC 1/2,5 ML"
2167276,GLIMEPIRIDE ACCORD HEALTHCARE 2 MG CPR 90
2167632,ENBREL 10 MG PDRE SOLV SOL INJ 4
2169192,RIZATRIPTAN EG 5 MG CPR 12
2169252,RIZATRIPTAN EG 10 MG CPR 12
2169306,RIZATRIPTAN EG 10 MG CPR DISP 6
2169312,RIZATRIPTAN EG 10 MG CPR DISP 12
2170350,VALSARTAN ALTER 80 MG CPR 90
2170433,VALSARTAN ALTER 160 MG CPR 90
2172538,XGEVA 120 MG SOL INJ FL 1
2176370,RISEDRONATE SANDOZ 75 MG CPR 2
2177139,"BENAZEPRIL/HYDROCHLOROTHIAZIDE ACTAVIS 10 MG/12,5 MG CPR SEC 90"
2177990,ESOMEPRAZOLE TEVA SANTE 40 MG CPR GASTRORESISTANT 14
2178392,"IRBESARTAN/HYDROCHLOROTHIAZIDE CRISTERS 150 MG/12,5 MG CPR 30"
2178423,"IRBESARTAN/HYDROCHLOROTHIAZIDE CRISTERS 150 MG/12,5 MG CPR 90"
2178469,"IRBESARTAN/HYDROCHLOROTHIAZIDE CRISTERS 300 MG/12,5 MG CPR 30"
2178498,"IRBESARTAN/HYDROCHLOROTHIAZIDE CRISTERS 300 MG/12,5 MG CPR 90"
2178529,IRBESARTAN/HYDROCHLOROTHIAZIDE CRISTERS 300 MG/25 MG CPR 30
2178558,IRBESARTAN/HYDROCHLOROTHIAZIDE CRISTERS 300 MG/25 MG CPR 90
2178771,SMOFKABIVEN E EMULS PERF POCHE 6/493 ML
2178908,MONTELUKAST ALTER 10 MG CPR 28
2179256,RABEPRAZOLE EG 10 MG CPR GASTRORESISTANT 14
2179500,MONTELUKAST ARROW 10 MG CPR 28
2180420,PYLERA 140 MG/125 MG/125 MG GELULE 120
2180963,DORZOLAMIDE/TIMOLOL ZENTIVA 20 MG/ML COLLYRE FL 1/5 ML
2181081,"LOSARTAN/HYDROCHLOROTHIAZIDE KRKA 100 MG/12,5 MG CPR 30"
2181135,"LOSARTAN/HYDROCHLOROTHIAZIDE KRKA 100 MG/12,5 MG CPR 90"
2181968,DONEPEZIL KRKA 10 MG CPR DISP 28
2185647,BREAKYL 200 MCG FILM ORODISP 4
2185653,BREAKYL 200 MCG FILM ORODISP 28
2185676,BREAKYL 400 MCG FILM ORODISP 4
2185682,BREAKYL 400 MCG FILM ORODISP 10
2185699,BREAKYL 400 MCG FILM ORODISP 28
2185707,BREAKYL 600 MCG FILM ORODISP 4
2185713,BREAKYL 600 MCG FILM ORODISP 10
2185736,BREAKYL 600 MCG FILM ORODISP 28
2185765,BREAKYL 800 MCG FILM ORODISP 28
2185794,BREAKYL 1200 MCG FILM ORODISP 28
2186109,MONTELUKAST TEVA 4 MG SACHET 28
2187008,"LOSARTAN/HYDROCHLOROTHIAZIDE PFIZER 100 MG/12,5 MG CPR 30"
2187095,LOSARTAN/HYDROCHLOROTHIAZIDE PFIZER 100 MG/25 MG CPR 30
2187959,MORPHINE (CHLORHYDRATE) RENAUDIN 10 MG/ML SOL INJ POCHE 1/100 ML
2187971,MORPHINE (CHLORHYDRATE) RENAUDIN 20 MG/ML SOL INJ POCHE 1/100 ML
2190683,PANTOPRAZOLE BLUEFISH 40 MG CPR GASTRORESISTANT 28
2191197,TELMISARTAN MYLAN 40 MG CPR 30
2191228,TELMISARTAN MYLAN 40 MG CPR 90
2191352,TELMISARTAN MYLAN 80 MG CPR 30
2191398,TELMISARTAN MYLAN 80 MG CPR 90
2192222,PRAVASTATINE EVOLUGEN 40 MG CPR 84
2192452,TELMISARTAN EG 40 MG CPR 30
2192469,TELMISARTAN EG 40 MG CPR 90
2192475,TELMISARTAN EG 80 MG CPR 30
2192481,TELMISARTAN EG 80 MG CPR 90
2193807,LOSARTAN/HYDROCHLOROTHIAZIDE ZYDUS 100 MG/25 MG CPR 30
2193859,"LOSARTAN/HYDROCHLOROTHIAZIDE ZYDUS 50 MG/12,5 MG CPR 30"
2193871,"LOSARTAN/HYDROCHLOROTHIAZIDE ZYDUS 50 MG/12,5 MG CPR 90"
2193954,FAMPYRA 10 MG CPR 28
2193960,FAMPYRA 10 MG CPR 56
2194178,PARACETAMOL TEVA 500 MG GELULE 16
2197254,RIZATRIPTAN MYLAN 10 MG CPR DISP 6
2197260,RIZATRIPTAN MYLAN 10 MG CPR DISP 12
2197923,"LOSARTAN/HYDROCHLOROTHIAZIDE ACTAVIS 100 MG/12,5 MG CPR 30"
2198012,"LOSARTAN/HYDROCHLOROTHIAZIDE ACTAVIS 100 MG/12,5 MG CPR 30"
2198041,"LOSARTAN/HYDROCHLOROTHIAZIDE ACTAVIS 100 MG/12,5 MG CPR 90"
2198093,"LOSARTAN/HYDROCHLOROTHIAZIDE EVOLUGEN 100 MG/12,5 MG CPR 30"
2198124,"LOSARTAN/HYDROCHLOROTHIAZIDE EVOLUGEN 100 MG/12,5 MG CPR 90"
2199431,RABEPRAZOLE PHR LAB 10 MG CPR GASTRORESISTANT 14
2202848,"PHOCYTAN 0,66 MMOL/ML SOL INJ PERF AMP 10/10 ML"
2203196,"NICOPASS 1,5MG PAST MENT F SS SUCRE 144"
2203339,LOVAPHARM 30 MCG/150 MG Gé CPR 21
2204528,"LOSARTAN/HYDROCHLOROTHIAZIDE RATIO 100 MG/12,5 MG CPR 30"
2204557,"LOSARTAN/HYDROCHLOROTHIAZIDE RATIO 100 MG/12,5 MG CPR 90"
2205077,"IRBESARTAN/HYDROCHLOROTHIAZIDE RANBAXY 150 MG/12,5 MG CPR 90"
2205462,"IRBESARTAN/HYDROCHLOROTHIAZIDE RANBAXY 300 MG/12,5 MG CPR 30"
2205605,IRBESARTAN/HYDROCHLOROTHIAZIDE RANBAXY 300 MG/25 MG CPR 30
2206094,MONTELUKAST RANBAXY 10 MG CPR 28
2206131,MONTELUKAST RANBAXY 5 MG CPR 28
2206680,CAPRELSA 100 MG CPR 30
2206697,CAPRELSA 300 MG CPR 30
2206912,INOVELON 40 MG/ML SUSP BUV 1/460 ML
2208236,RISEDRONATE RATIOPHARM 75 MG CPR 2
2208259,RISEDRONATE RATIOPHARM 75 MG CPR 6
2208489,LEFLUNOMIDE MYLAN 10 MG CPR 30
2208526,LEFLUNOMIDE MYLAN 20 MG CPR 30
2208756,ZELBORAF 240 MG CPR 56
2209193,DONEPEZIL ACTAVIS 10 MG CPR DISP 28
2209247,DONEPEZIL ACTAVIS 5 MG CPR DISP 28
2209603,"TRAMADOL/PARACETAMOL BIOGARAN 37,5 MG/325 MG CPR 20"
2210842,"BUCCOLAM 2,5 MG SOL BUCCALE 4/0,5 ML"
2210859,BUCCOLAM 5 MG SOL BUCCALE 4/1 ML
2210865,"BUCCOLAM 7,5 MG SOL BUCCALE 4/1,5 ML"
2210871,BUCCOLAM 10 MG SOL BUCCALE 4/2 ML
2212344,SIMVASTATINE TEVA CLASSICS 20 MG CPR 90
2212404,SIMVASTATINE TEVA CLASSICS 10 MG CPR 30
2212545,"LATANOPROST PFIZER 50 MCG/ML COLLYRE FL 1/2,5 ML"
2212551,"LATANOPROST PFIZER 50 MCG/ML COLLYRE FL 3/2,5 ML"
2213295,"TAMSULOSINE TEVA LP 0,4 MG CPR 30"
2213326,"LETROZOLE ACTAVIS 2,5 MG CPR 30"
2213332,"LETROZOLE ACTAVIS 2,5 MG CPR 30"
2213728,ROPINIROLE EG LP 2 MG CPR 28
2213792,ROPINIROLE ZENTIVA LP 2 MG CPR 28
2213846,ROPINIROLE ZENTIVA LP 4 MG CPR 28
2213912,ROPINIROLE ZENTIVA LP 8 MG CPR 28
2214260,KETOPROFENE EG LP 100 MG CPR SEC 20
2214283,KETOPROFENE TEVA LP 100 MG CPR SEC 20
2214314,KETOPROFENE ACTAVIS LP 100 MG CPR SEC 20
2215816,ATORVASTATINE RANBAXY PHARMACIE 80 MG CPR 28
2215880,ATORVASTATINE RANBAXY PHARMACIE 80 MG CPR 90
2215957,"RAMIPRIL/HYDROCHLOROTHIAZIDE ACTAVIS 5 MG/12,5 MG CPR 90"
2217620,"TAMSULOSINE RATIOPHARM LP 0,4 MG GELULE 30"
2218016,LEVOCETIRIZINE KRKA 5 MG CPR 14
2218039,LEVOCETIRIZINE KRKA 5 MG CPR 28
2218298,RALOXIFENE EG 60 MG CPR 28
2218312,RALOXIFENE EG 60 MG CPR 84
2218364,ATORVASTATINE ALMUS 20 MG CPR 90
2218370,ATORVASTATINE ALMUS 40 MG CPR 90
2219079,REBIF 22 MCG SOL INJ STYLO 12
2219091,REBIF 44 MCG SOL INJ STYLO 12
2219116,"REBIF 8,8 MCG/22 MCG SOL INJ STYLO 6/8,8 MCG + 6/22 MCG"
2219145,"IRBESARTAN/HYDROCHLOROTHIAZIDE ZENTIVA 150 MG/12,5 MG CPR 90"
2221194,VIMPAT 10 MG/ML SIROP 1/465 ML
2221202,GALANTAMINE TEVA LP 8 MG GELULE 28
2221225,GALANTAMINE TEVA LP 24 MG GELULE 28
2221461,"MONOKETO 0,25 MG/ML Gé COLLYRE UNIDOSE 60"
2222673,"PRAMIPEXOLE ACCORD 0,18 MG CPR SEC 100"
2222762,"REPAGLINIDE ACCORD 0,5 MG CPR 270"
2222822,REPAGLINIDE ACCORD 1 MG CPR 270
2222874,REPAGLINIDE ACCORD 2 MG CPR 270
2223218,ACARBOSE TEVA 50 MG CPR 90
2223514,"SIGNIFOR 0,3 MG SOL INJ 60/1 ML"
2223520,"SIGNIFOR 0,6 MG SOL INJ 6/1 ML"
2223566,"SIGNIFOR 0,6 MG SOL INJ 60/1 ML"
2223603,"SIGNIFOR 0,9 MG SOL INJ 60/1 ML"
2224732,BUPRENORPHINE ACTAVIS 8 MG CPR 7
2225720,"ELUDRILPERIO 0,2 % SOL BAIN DE BOUCHE 1/200 ML"
2225789,ESMYA 5 MG CPR 28
2226211,LISINOPRIL ACTAVIS 20 MG CPR SEC 90
2226412,LAMIVUDINE/ZIDOVUDINE MYLAN 150 MG/300 MG CPR SEC 60
2227512,LEVETIRACETAM ALTER 500 MG CPR 60
2228428,ATORVASTATINE MYLAN 10 MG CPR 30
2228457,ATORVASTATINE MYLAN 20 MG CPR 30
2228492,ATORVASTATINE MYLAN 40 MG CPR 30
2228523,ATORVASTATINE MYLAN 80 MG CPR 30
2228701,CANDESARTAN ISOMED 4 MG CPR SEC 30
2229617,ESOMEPRAZOLE PHR 20 MG GELULE GASTRORESISTANTE 28
2229623,ESOMEPRAZOLE PHR 40 MG GELULE GASTRORESISTANTE 14
2229675,"BISOPROLOL ACCORD HEALTHCARE 2,5 MG CPR SEC 30"
2229712,"BISOPROLOL ACCORD HEALTHCARE 2,5 MG CPR SEC 90"
2229830,BISOPROLOL ACCORD HEALTHCARE 5 MG CPR SEC 30
2229882,BISOPROLOL ACCORD HEALTHCARE 5 MG CPR SEC 90
2230017,BISOPROLOL ACCORD HEALTHCARE 10 MG CPR SEC 30
2230069,BISOPROLOL ACCORD HEALTHCARE 10 MG CPR SEC 90
2230193,FENTANYL MYLAN 12 MCG/H DISP TRANSDERM 5
2230230,FENTANYL MYLAN 25 MCG/H DISP TRANSDERM 5
2230276,FENTANYL MYLAN 50 MCG/H DISP TRANSDERM 5
2230307,FENTANYL MYLAN 75 MCG/H DISP TRANSDERM 5
2230744,CANDESARTAN RATIOPHARM 4 MG CPR SEC 90
2230980,CANDESARTAN RATIOPHARM 16 MG CPR SEC 30
2231034,CANDESARTAN RATIOPHARM 16 MG CPR SEC 90
2231301,CANDESARTAN CRISTERS 4 MG CPR SEC 90
2231531,CANDESARTAN CRISTERS 16 MG CPR SEC 30
2231583,CANDESARTAN CRISTERS 16 MG CPR SEC 90
2232022,CIPROFLOXACINE ACCORD 250 MG CPR 12
2232128,CIPROFLOXACINE ACCORD 500 MG CPR 12
2232424,METOPROLOL ACCORD 100 MG CPR SEC 30
2232482,METOPROLOL ACCORD 100 MG CPR SEC 90
2232542,LEVETIRACETAM RANBAXY 250 MG CPR SEC 60
2232594,LEVETIRACETAM RANBAXY 500 MG CPR SEC 60
2232660,LEVETIRACETAM RANBAXY 1000 MG CPR SEC 60
2233398,ACIDE URSODESOXYCHOLIQUE MYLAN 250 MG CPR 20
2233429,ACIDE URSODESOXYCHOLIQUE TEVA 250 MG CPR 20
2233458,ACIDE URSODESOXYCHOLIQUE BIOGARAN 250 MG CPR 20
2233702,"CANDESARTAN/HYDROCHLOROTHIAZIDE RATIOPHARM 8 MG/12,5 MG CPR 30"
2234021,"CANDESARTAN/HYDROCHLOROTHIAZIDE CRISTERS 8 MG/12,5 MG CPR 90"
2234469,"BISOPROLOL/HYDROCHLOROTHIAZIDE MYLAN PHARMA 2,5 MG/6,25 MG CPR 30"
2234475,"BISOPROLOL/HYDROCHLOROTHIAZIDE MYLAN PHARMA 2,5 MG/6,25 MG CPR 90"
2234587,"BISOPROLOL/HYDROCHLOROTHIAZIDE MYLAN PHARMA 5 MG/6,25 MG CPR 30"
2234593,"BISOPROLOL/HYDROCHLOROTHIAZIDE MYLAN PHARMA 5 MG/6,25 MG CPR 90"
2234713,"BISOPROLOL/HYDROCHLOROTHIAZIDE MYLAN PHARMA 10 MG/6,25 MG CPR 30"
2234736,"BISOPROLOL/HYDROCHLOROTHIAZIDE MYLAN PHARMA 10 MG/6,25 MG CPR 90"
2235144,"CANDESARTAN/HYDROCHLOROTHIAZIDE CRISTERS 16 MG/12,5 MG CPR 30"
2235575,"CANDESARTAN/HYDROCHLOROTHIAZIDE RANBAXY 8 MG/12,5 MG CPR 90"
2235635,"CANDESARTAN/HYDROCHLOROTHIAZIDE RANBAXY 16 MG/12,5 MG CPR 30"
2235687,"CANDESARTAN/HYDROCHLOROTHIAZIDE RANBAXY 16 MG/12,5 MG CPR 90"
2235782,ROPINIROLE EG LP 4 MG CPR 28
2235859,ROPINIROLE EG LP 8 MG CPR 28
2236190,FOSRENOL 750 MG SACHET 90
2236209,FOSRENOL 1000 MG SACHET 90
2236451,VALSARTAN MYLAN PHARMA 40 MG CPR SEC 30
2236474,VALSARTAN MYLAN PHARMA 40 MG CPR SEC 90
2236540,VALSARTAN MYLAN PHARMA 80 MG CPR 30
2236600,OXCARBAZEPINE SANDOZ 150 MG CPR 50
2236652,VALSARTAN MYLAN PHARMA 80 MG CPR 90
2236729,VALSARTAN MYLAN PHARMA 160 MG CPR 30
2236741,VALSARTAN MYLAN PHARMA 160 MG CPR 90
2236801,OXCARBAZEPINE SANDOZ 300 MG CPR 50
2236899,OXCARBAZEPINE SANDOZ 600 MG CPR 50
2237663,LAMIVUDINE MYLAN 150 MG CPR 60
2237700,LAMIVUDINE MYLAN 300 MG CPR 30
2238148,LEVETIRACETAM ACCORD 250 MG CPR 60
2238160,LEVETIRACETAM ACCORD 500 MG CPR 60
2238214,LEVETIRACETAM ACCORD 1000 MG CPR 60
2238473,RIZATRIPTAN ACTAVIS 10 MG CPR DISP 6
2238496,RIZATRIPTAN ACTAVIS 10 MG CPR DISP 12
2238556,HELICIDINE 10 % SANS SUCRE SIROP 1/125 ML
2238562,HELICIDINE 10 % SANS SUCRE SIROP 1/250 ML
2240240,PANTOPRAZOLE EVOLUGEN 20 MG CPR GASTRORESISTANT 28
2240352,PANTOPRAZOLE EVOLUGEN 40 MG CPR GASTRORESISTANT 14
2240837,ETHINYLESTRADIOL/LEVONORGESTREL TEVA 30 MCG CPR 21
2240889,ACIDE ZOLEDRONIQUE SANDOZ 4 MG/100 ML SOL INJ PERF FL 1/100 ML
2241050,NICORETTESPRAY 1 MG/DOSE SOL PULV BUCCALE FL 1/150 DOSES
2241067,NICORETTESPRAY 1 MG/DOSE SOL PULV BUCCALE FL 2/150 DOSES
2241104,"OXOMEMAZINE H3 FONCIERE 0,33 MG/ML SIROP 1/150 ML"
2241110,"OXOMEMAZINE H3 FONCIERE 0,33 MG/ML SANS SUCRE SOL BUV 1/150 ML"
2241305,"OPRYMEA 0,7 MG Gé CPR 30"
2241340,"BUPRENORPHINE ACTAVIS 0,4 MG CPR 7"
2241587,CLOPIDOGREL KRKA DD 75 MG CPR 30
2241802,MONTELUKAST ACTAVIS 10 MG CPR 28
2242084,"LISINOPRIL/HYDROCHLOROTHIAZIDE MYLAN PHARMA 20 MG/12,5 MG CPR SEC 30"
2242121,"LISINOPRIL/HYDROCHLOROTHIAZIDE MYLAN PHARMA 20 MG/12,5 MG CPR SEC 90"
2243965,NEVIRAPINE MYLAN 200 MG CPR 60
2244195,ATENOLOL ACTAVIS FRANCE 50 MG CPR SEC 90
2244640,"RAMIPRIL/HYDROCHLOROTHIAZIDE ZENTIVA 5 MG/12,5 MG CPR 30"
2244692,"RAMIPRIL/HYDROCHLOROTHIAZIDE ZENTIVA 5 MG/12,5 MG CPR 90"
2244887,VALSARTAN KRKA 40 MG CPR SEC 90
2245007,PERINDOPRIL MYLAN PHARMA 4 MG CPR SEC 30
2245036,PERINDOPRIL MYLAN PHARMA 4 MG CPR SEC 90
2245088,PERINDOPRIL MYLAN PHARMA 8 MG CPR 90
2245533,"LATANOPROST/TIMOLOL BIOGARAN 50 MCG/5 MG/ML Gé COLLYRE FL 1/2,5 ML"
2245711,CLOPIDOGREL ZF 75 MG CPR 30
2245912,"IFIRMACOMBI 150 MG/12,5 MG Gé CPR 30"
2245935,"IFIRMACOMBI 150 MG/12,5 MG Gé CPR 90"
2245958,"AVAXIM 80 U SUSP INJ 1/0,5 ML"
2246076,"IFIRMACOMBI 300 MG/12,5 MG Gé CPR 30"
2246099,"IFIRMACOMBI 300 MG/12,5 MG Gé CPR 90"
2246107,IFIRMACOMBI 300 MG/25 MG Gé CPR 30
2246136,IFIRMACOMBI 300 MG/25 MG Gé CPR 90
2246225,JAKAVI 5 MG CPR 60
2246231,JAKAVI 15 MG CPR 60
2246248,JAKAVI 20 MG CPR 60
2246343,RABEPRAZOLE CRISTERS 10 MG CPR GASTRORESISTANT 28
2246567,RABEPRAZOLE CRISTERS 20 MG CPR GASTRORESISTANT 28
2247070,RABEPRAZOLE RATIO 10 MG CPR GASTRORESISTANT 14
2247087,RABEPRAZOLE RATIO 10 MG CPR GASTRORESISTANT 28
2247153,RABEPRAZOLE RATIO 20 MG CPR GASTRORESISTANT 14
2248023,VENLAFAXINE RANBAXY LP 75 MG GELULE 30
2248112,"VENLAFAXINE RANBAXY LP 37,5 MG GELULE 30"
2248744,IRBESARTAN/HYDROCHLOROTHIAZIDE ZYDUS 300 MG/25 MG CPR 30
2248767,IRBESARTAN/HYDROCHLOROTHIAZIDE ZYDUS 300 MG/25 MG CPR 90
2249169,RABEPRAZOLE RANBAXY 20 MG CPR GASTRORESISTANT 14
2249175,RABEPRAZOLE RANBAXY 20 MG CPR GASTRORESISTANT 28
2660338,"VALSARTAN/HYDROCHLOROTHIAZIDE MYLAN PHARMA 80 MG/12,5 MG CPR 90"
2660410,"VALSARTAN/HYDROCHLOROTHIAZIDE MYLAN PHARMA 160 MG/12,5 MG CPR 30"
2660462,"VALSARTAN/HYDROCHLOROTHIAZIDE MYLAN PHARMA 160 MG/12,5 MG CPR 90"
2660545,VALSARTAN/HYDROCHLOROTHIAZIDE MYLAN PHARMA 160 MG/25 MG CPR 30
2660580,VALSARTAN/HYDROCHLOROTHIAZIDE MYLAN PHARMA 160 MG/25 MG CPR 90
2660634,DONEPEZIL CRISTERS 5 MG CPR 28
2660700,DONEPEZIL CRISTERS 10 MG CPR 28
2661504,CICLOPIROX OLAMINE BIOGARAN 1 % CREME TUBE 1/30 G
2661510,CICLOPIROX OLAMINE TEVA 1 % Gé CREME TUBE 1/30 G
2661527,COLAMYX 1 % Gé CREME TUBE 1/30 G
2661680,ATORVASTATINE MYLAN 80 MG CPR 30
2661757,AMLODIPINE RATIO 5 MG GELULE 30
2661792,AMLODIPINE RATIO 5 MG GELULE 90
2661869,KETOPROFENE MYLAN LP 100 MG CPR SEC 20
2661912,"MONOOX 1,5 MG/0,5 ML COLLYRE UNIDOSE 20"
2662024,MONTELUKAST ZENTIVA LAB 4 MG SACHET 28
2662107,MONTELUKAST ZENTIVA LAB 5 MG CPR 28
2662260,MONTELUKAST ZENTIVA LAB 10 MG CPR 28
2662596,DONEPEZIL INTAS 5 MG CPR 28
2662627,DONEPEZIL INTAS 10 MG CPR 28
2662892,BRICANYL LP 5 MG CPR 60
2662900,KETOPROFENE RANBAXY 100 MG Gé CPR SEC 20
2662923,KOTTAGE 100 MG Gé CPR SEC 20
2662952,KOTEPHARM 100 MG Gé CPR SEC 20
2662998,CANDESARTAN TEVA 4 MG CPR SEC 30
2663035,CANDESARTAN TEVA 16 MG CPR SEC 30
2663704,NICORANDIL EG 20 MG CPR 30
2664388,ZYLAGREN Gé 75 MG CPR 30
2664402,"REPAGLINIDE KRKA 0,5 MG CPR 90"
2664419,"REPAGLINIDE KRKA 0,5 MG CPR 270"
2664425,REPAGLINIDE KRKA 1 MG CPR 90
2664431,REPAGLINIDE KRKA 1 MG CPR 270
2664448,REPAGLINIDE KRKA 2 MG CPR 90
2664454,REPAGLINIDE KRKA 2 MG CPR 270
2665040,TOLURA 40 MG Gé CPR 30
2665057,TOLURA 40 MG Gé CPR 90
2665063,TOLURA 80 MG Gé CPR 30
2665086,TOLURA 80 MG Gé CPR 90
2665577,"LATANOPROST/TIMOLOL ZYDUS 50 MCG/5 MG/ML COLLYRE FL 1/2,5 ML"
2665583,"LATANOPROST/TIMOLOL ZYDUS 50 MCG/5 MG/ML COLLYRE FL 3/2,5 ML"
2666565,RABEPRAZOLE EVOLUGEN 10 MG CPR GASTRORESISTANT 14
2666602,RABEPRAZOLE EVOLUGEN 10 MG CPR GASTRORESISTANT 28
2666789,RABEPRAZOLE EVOLUGEN 20 MG CPR GASTRORESISTANT 14
2666832,RABEPRAZOLE EVOLUGEN 20 MG CPR GASTRORESISTANT 28
2667375,"LATANOPROST/TIMOLOL BIOGARAN 50 MCG/5 MG/ML Gé COLLYRE FL 3/2,5 ML"
2667493,DONEPEZIL ARROW GENERIQUES 10 MG CPR DISP 28
2667553,OMNIPAQUE 300 MG D'I/ML SOL INJ FL 1/100 ML
2667576,OMNIPAQUE 300 MG D'I/ML SOL INJ FL 1/100 ML
2667582,OMNIPAQUE 300 MG D'I/ML SOL INJ FL 1/150 ML
2667599,OMNIPAQUE 300 MG D'I/ML SOL INJ FL 1/150 ML
2667659,OMNIPAQUE 350 MG D'I/ML SOL INJ FL 1/100 ML
2667665,OMNIPAQUE 350 MG D'I/ML SOL INJ FL 1/100 ML
2667671,OMNIPAQUE 350 MG D'I/ML SOL INJ FL 1/150 ML
2667688,OMNIPAQUE 350 MG D'I/ML SOL INJ FL 1/150 ML
2667731,VISIPAQUE 270 MG D'I/ML SOL INJ FL 1/100 ML
2667748,VISIPAQUE 270 MG D'I/ML SOL INJ FL 1/100 ML
2667754,VISIPAQUE 270 MG D'I/ML SOL INJ FL 1/150 ML
2667760,VISIPAQUE 270 MG D'I/ML SOL INJ FL 1/150 ML
2667777,VISIPAQUE 320 MG D'I/ML SOL INJ FL 1/100 ML
2667783,VISIPAQUE 320 MG D'I/ML SOL INJ FL 1/100 ML
2667808,VISIPAQUE 320 MG D'I/ML SOL INJ FL 1/150 ML
2667814,VISIPAQUE 320 MG D'I/ML SOL INJ FL 1/150 ML
2669003,CANDESARTAN EVOLUGEN 4 MG CPR SEC 30
2669026,CANDESARTAN EVOLUGEN 4 MG CPR SEC 90
2669032,CANDESARTAN EVOLUGEN 8 MG CPR SEC 30
2669049,CANDESARTAN EVOLUGEN 8 MG CPR SEC 90
2669055,CANDESARTAN EVOLUGEN 16 MG CPR SEC 30
2669061,CANDESARTAN EVOLUGEN 16 MG CPR SEC 90
2669090,TRAMADOL EVOLUGEN 50 MG GELULE 30
2669115,CANDESARTAN EVOLUGEN 32 MG CPR SEC 30
2669210,"MELAXOSE 42,91 G/100 G GELEE ORALE 1/150 G"
2669954,ACIDE ZOLEDRONIQUE KABI 4 MG/5 ML SOL PERF FL 1/5 ML
2670420,"STALEVO 175 MG/43,75 MG/200 MG CPR 100"
2670495,PREZISTA 100 MG/ML SUSP BUV 1/200 ML
2670928,RIBAVIRINE MYLAN 200 MG GELULE 84
2670934,RIBAVIRINE MYLAN 200 MG GELULE 112
2670940,RIBAVIRINE MYLAN 200 MG GELULE 140
2670957,RIBAVIRINE MYLAN 200 MG GELULE 168
2671750,OXYBUTYNINE ACCORD 5 MG CPR SEC 60
2671810,VALSARTAN AHCL 40 MG CPR SEC 30
2671827,VALSARTAN AHCL 40 MG CPR SEC 90
2671833,VALSARTAN AHCL 80 MG CPR SEC 30
2671856,VALSARTAN AHCL 80 MG CPR SEC 90
2671862,VALSARTAN AHCL 160 MG CPR SEC 30
2671879,VALSARTAN AHCL 160 MG CPR SEC 90
2671916,VALSARTAN/HYDROCHLOROTHIAZIDE AHCL 160 MG/25 MG CPR 30
2672146,"TRAMADOL/PARACETAMOL KRKA 37,5 MG/325 MG CPR 20"
2672175,NICORANDIL ARROW 20 MG CPR 30
2672235,"STABLON 12,5 MG CPR 28"
2672241,"STABLON 12,5 MG CPR 28"
2673826,"MONOPROST 50 MCG/ML COLLYRE UNIDOSE 30/0,2 ML"
2674429,ATOVAQUONE/PROGUANIL MYLAN 250 MG/100 MG CPR 12
2674702,DESLORATADINE PHR LAB 5 MG CPR 15
2674719,DESLORATADINE PHR LAB 5 MG CPR 30
2675216,"LATANOPROST/TIMOLOL ARROW 50 MCG/5 MG/ML COLLYRE FL 1/2,5 ML"
2675222,"LATANOPROST/TIMOLOL ARROW 50 MCG/5 MG/ML COLLYRE FL 3/2,5 ML"
2675251,OPTIDRIL 30 MCG/150 MCG CPR 28
2675268,OPTIDRIL 30 MCG/150 MCG CPR 84
2676256,XALKORI 200 MG GELULE 60
2676279,XALKORI 250 MG GELULE 60
2676575,PANTOPRAZOLE ZYDUS FRANCE 20 MG CPR GASTRORESISTANT 28
2676635,PANTOPRAZOLE ZYDUS FRANCE 40 MG CPR GASTRORESISTANT 7
2676658,PANTOPRAZOLE ZYDUS FRANCE 40 MG CPR GASTRORESISTANT 14
2676687,PANTOPRAZOLE ZYDUS FRANCE 40 MG CPR GASTRORESISTANT 28
2676865,CANDESARTAN MYLAN 4 MG CPR SEC 30
2676919,CANDESARTAN MYLAN 4 MG CPR SEC 90
2677008,CANDESARTAN MYLAN 8 MG CPR SEC 30
2677066,CANDESARTAN MYLAN 8 MG CPR SEC 90
2677155,CANDESARTAN MYLAN 16 MG CPR SEC 30
2677209,CANDESARTAN MYLAN 16 MG CPR SEC 90
2677296,CANDESARTAN MYLAN 32 MG CPR SEC 30
2677497,"METOJECT 15 MG/0,3 ML SOL INJ 1/0,3 ML"
2677534,IFIRMASTA 75 MG Gé CPR 30
2677540,IFIRMASTA 75 MG Gé CPR 90
2677557,IFIRMASTA 150 MG Gé CPR 30
2677563,IFIRMASTA 150 MG Gé CPR 90
2677586,IFIRMASTA 300 MG Gé CPR 30
2677592,IFIRMASTA 300 MG Gé CPR 90
2678350,EYLEA 40 MG/ML SOL INJ 1
2678367,EYLEA 40 MG/ML SOL INJ FL 1
2678870,PREZISTA 800 MG CPR 30
2679059,LAMIVUDINE/ZIDOVUDINE SANDOZ 150 MG/300 MG CPR SEC 60
2679473,CANDESARTAN RANBAXY 32 MG CPR SEC 30
2679734,"TRAMADOL/PARACETAMOL MYLAN PHARMA 37,5 MG/325 MG CPR 20"
2681317,RABEPRAZOLE ARROW 10 MG CPR GASTRORESISTANT 14
2681352,RABEPRAZOLE ARROW 10 MG CPR GASTRORESISTANT 28
2681441,RABEPRAZOLE ARROW 20 MG CPR GASTRORESISTANT 14
2681470,RABEPRAZOLE ARROW 20 MG CPR GASTRORESISTANT 28
2681553,RABEPRAZOLE MYLAN PHARMA 10 MG CPR GASTRORESISTANT 14
2681599,RABEPRAZOLE MYLAN PHARMA 10 MG CPR GASTRORESISTANT 28
2681688,RABEPRAZOLE MYLAN PHARMA 20 MG CPR GASTRORESISTANT 14
2681719,RABEPRAZOLE MYLAN PHARMA 20 MG CPR GASTRORESISTANT 28
2682216,RABEPRAZOLE EG LABO 10 MG CPR GASTRORESISTANT 14
2682245,RABEPRAZOLE EG LABO 10 MG CPR GASTRORESISTANT 28
2682328,RABEPRAZOLE EG LABO 20 MG CPR GASTRORESISTANT 14
2682340,RABEPRAZOLE EG LABO 20 MG CPR GASTRORESISTANT 28
2682713,OLANZAPINE ACCORD 5 MG CPR 28
2682788,DICLOFENAC SANDOZ 1 % GEL FL PRESS 1/100 ML
2682794,OLANZAPINE ACCORD 10 MG CPR 28
2683003,MODAFINIL EG 100 MG CPR 30
2683061,"IRBESARTAN/HYDROCHLOROTHIAZIDE BIOGARAN 150 MG/12,5 MG CPR 30"
2683109,"IRBESARTAN/HYDROCHLOROTHIAZIDE BIOGARAN 150 MG/12,5 MG CPR 90"
2683138,"IRBESARTAN/HYDROCHLOROTHIAZIDE BIOGARAN 300 MG/12,5 MG CPR 30"
2683173,"IRBESARTAN/HYDROCHLOROTHIAZIDE BIOGARAN 300 MG/12,5 MG CPR 90"
2683227,IRBESARTAN/HYDROCHLOROTHIAZIDE BIOGARAN 300 MG/25 MG CPR 30
2683279,IRBESARTAN/HYDROCHLOROTHIAZIDE BIOGARAN 300 MG/25 MG CPR 90
2683612,LERCANIDIPINE PHR LAB 10 MG CPR SEC 30
2683807,"TRAMADOL/PARACETAMOL TEVA 37,5 MG/325 MG CPR 20"
2684511,"TRAMADOL/PARACETAMOL RATIOPHARM 37,5 MG/325 MG CPR 20"
2684592,"TRAMADOL/PARACETAMOL PHR LAB 37,5 MG/325 MG CPR 20"
2685255,LEVETIRACETAM ACTAVIS GROUP 100 MG/ML SOL BUV 1/300 ML
2685261,LEVETIRACETAM ACTAVIS GROUP 100 MG/ML SOL BUV 1/300 ML
2686102,DESLORATADINE ZYDUS 5 MG CPR 15
2686119,DESLORATADINE ZYDUS 5 MG CPR 30
2687834,ACIDE ZOLEDRONIQUE HOSPIRA 4 MG/100 ML SOL INJ POCHE 1/100 ML
2688118,MEMANTINE BIOGARAN 10 MG CPR SEC 56
2688124,MEMANTINE BIOGARAN 20 MG CPR 28
2688377,ACIDE ZOLEDRONIQUE TEVA PHARMA 5 MG SOL INJ PERF FL 1/100 ML
2688733,TERBUTALINE MEDISOL 5 MG/2 ML SOL INHAL 50/2 ML
2688779,"LOSARTAN/HYDROCHLOROTHIAZIDE KRKA 50 MG/12,5 MG CPR 30"
2688791,"LOSARTAN/HYDROCHLOROTHIAZIDE KRKA 50 MG/12,5 MG CPR 90"
2688816,LOSARTAN/HYDROCHLOROTHIAZIDE KRKA 100 MG/25 MG CPR 30
2688839,LOSARTAN/HYDROCHLOROTHIAZIDE KRKA 100 MG/25 MG CPR 90
2688868,"METOJECT 7,5 MG/0,15 ML SOL INJ 1/0,15 ML"
2688905,"METOJECT 10 MG/0,2 ML SOL INJ 1/0,2 ML"
2688940,"METOJECT 20 MG/0,4 ML SOL INJ 1/0,4 ML"
2688992,"METOJECT 25 MG/0,5 ML SOL INJ 1/0,5 ML"
2690687,MEMANTINE TEVA SANTE 10 MG CPR SEC 56
2690693,MEMANTINE TEVA SANTE 20 MG CPR 28
2690730,MEMANTINE SET 10 MG CPR SEC 56
2691600,LERCANIDIPINE PHR LAB 20 MG CPR SEC 30
2692114,HALDOL 2 MG/ML SOL BUV 1/30 ML
2692338,MEMANTINE HCS 10 MG CPR SEC 56
2692367,MEMANTINE HCS 20 MG CPR 28
2692396,"LORAZEPAM BIOGARAN 2,5 MG CPR SEC 30"
2692404,LORAZEPAM BIOGARAN 1 MG CPR SEC 30
2693935,"TRAMADOL/PARACETAMOL ZYDUS FRANCE 37,5 MG/325 MG CPR 20"
2694159,AMOXICILLINE/ACIDE CLAVULANIQUE ZYDUS 1 G/125 MG PDRE SUSP BUV SACHET 8
2694171,AMOXICILLINE/ACIDE CLAVULANIQUE ZYDUS 1 G/125 MG PDRE SOL BUV SACHET 12
2694314,"TRAMADOL/PARACETAMOL RANBAXY PHARMACIE 37,5 MG/325 MG CPR 20"
2694490,"CABERGOLINE SANDOZ 0,5 MG CPR SEC 8"
2694610,TELMISARTAN RANBAXY 40 MG CPR 30
2694685,TELMISARTAN RANBAXY 40 MG CPR 90
2694716,"RAMIPRIL/HYDROCHLOROTHIAZIDE BIOGARAN 5 MG/12,5 MG CPR 30"
2694811,TELMISARTAN RANBAXY 80 MG CPR 30
2694840,TELMISARTAN RANBAXY 80 MG CPR 90
2694900,"RAMIPRIL/HYDROCHLOROTHIAZIDE MYLAN PHARMA 5 MG/12,5 MG CPR 30"
2695236,"RAMIPRIL/HYDROCHLOROTHIAZIDE TEVA 5 MG/12,5 MG CPR 30"
2695590,LANSOPRAZOLE ZYDUS FRANCE 30 MG GELULE GASTRORESISTANTE 28
2695897,TELMISARTAN ZENTIVA 40 MG CPR 30
2695934,TELMISARTAN ZENTIVA 40 MG CPR 90
2696112,"TRAMADOL/PARACETAMOL ACTAVIS FRANCE 37,5 MG/325 MG CPR 20"
2696342,"TRAMADOL/PARACETAMOL CRISTERS 37,5 MG/325 MG CPR 20"
2696744,CAPECITABINE TEVA 150 MG CPR 60
2696750,CAPECITABINE TEVA 500 MG CPR 120
2697117,ACARBOSE EG 50 MG CPR 90
2697146,ACARBOSE EG 100 MG CPR 90
2697643,BETAXOLOL TEVA SANTE 20 MG CPR SEC 30
2697672,BETAXOLOL TEVA SANTE 20 MG CPR SEC 90
2698329,DICLOFENAC SANDOZ 1 % GEL TUBE 1/50G
2698341,DICLOFENAC SANDOZ 1 % GEL TUBE 1/100 G
2698364,CAPECITABINE ZENTIVA 500 MG CPR 120
2698387,CAPECITABINE ZENTIVA 150 MG CPR 60
2698950,RIZATRIPTAN ACTAVIS 10 MG CPR 12
2699062,"CANDESARTAN/HYDROCHLOROTHIAZIDE ZYDUS 8 MG/12,5 MG CPR 30"
2699091,"CANDESARTAN/HYDROCHLOROTHIAZIDE ZYDUS 8 MG/12,5 MG CPR 90"
2699174,"CANDESARTAN/HYDROCHLOROTHIAZIDE ZYDUS 16 MG/12,5 MG CPR 30"
2699197,"CANDESARTAN/HYDROCHLOROTHIAZIDE ZYDUS 16 MG/12,5 MG CPR 90"
2699292,TELMISARTAN ZENTIVA 80 MG CPR 30
2699346,TELMISARTAN ZENTIVA 80 MG CPR 90
2699398,IOMERON 400  SOL INJ FL 1/100 ML
2699406,IOMERON 400  SOL INJ FL 1/150 ML
2699412,IOMERON 400  SOL INJ FL 1/100 ML
2699429,IOMERON 400  SOL INJ FL 1/150 ML
2699470,IOMERON 350  SOL INJ FL 1/100 ML
2699487,IOMERON 350  SOL INJ FL 1/150 ML
2699493,IOMERON 350  SOL INJ FL 1/100 ML
2699501,IOMERON 350  SOL INJ FL 1/150 ML
2699814,ATORVASTATINE CRISTERS 80 MG CPR 30
2699866,ATORVASTATINE CRISTERS 80 MG CPR 90
2730317,ATORVASTATINE EVOLUGEN 80 MG CPR 30
2730369,ATORVASTATINE EVOLUGEN 80 MG CPR 90
2732121,"TRAMADOL/PARACETAMOL EVOLUGEN 37,5 MG/325 MG CPR 20"
2732842,BETAXOLOL EG 20 MG CPR SEC 30
2732859,BETAXOLOL EG 20 MG CPR SEC 90
2732902,"TELMISARTAN/HYDROCHLOROTHIAZIDE CRISTERS 40 MG/12,5 MG CPR 30"
2733327,"TELMISARTAN/HYDROCHLOROTHIAZIDE CRISTERS 80 MG/12,5 MG CPR 90"
2733439,"TELMISARTAN/HYDROCHLOROTHIAZIDE CRISTERS 80 MG/12,5 MG CPR 30"
2733557,TELMISARTAN/HYDROCHLOROTHIAZIDE CRISTERS 80 MG/25 MG CPR 30
2733600,TELMISARTAN/HYDROCHLOROTHIAZIDE CRISTERS 80 MG/25 MG CPR 90
2734137,"TELMISARTAN/HYDROCHLOROTHIAZIDE TEVA SANTE 40 MG/12,5 MG CPR 30"
2734189,"TELMISARTAN/HYDROCHLOROTHIAZIDE TEVA SANTE 40 MG/12,5 MG CPR 90"
2734404,"TELMISARTAN/HYDROCHLOROTHIAZIDE TEVA SANTE 80 MG/12,5 MG CPR 30"
2734456,"TELMISARTAN/HYDROCHLOROTHIAZIDE TEVA SANTE 80 MG/12,5 MG CPR 90"
2734686,TELMISARTAN/HYDROCHLOROTHIAZIDE TEVA SANTE 80 MG/25 MG CPR 30
2734723,TELMISARTAN/HYDROCHLOROTHIAZIDE TEVA SANTE 80 MG/25 MG CPR 90
2736633,ESOMEPRAZOLE MYLAN 20 MG GELULE GASTRORESISTANTE 28
2736679,ESOMEPRAZOLE MYLAN 40 MG GELULE GASTRORESISTANTE 28
2736886,GLICLAZIDE KRKA 30 MG CPR 30
2736892,GLICLAZIDE KRKA 30 MG CPR 60
2736900,SETOFILM 4 MG Gé FILM ORODISP 2
2736917,SETOFILM 4 MG Gé FILM ORODISP 4
2736923,SETOFILM 8 MG Gé FILM ORODISP 2
2736946,SETOFILM 8 MG Gé FILM ORODISP 4
2737064,GLICLAZIDE KRKA 60 MG CPR 30
2737087,GLICLAZIDE KRKA 60 MG CPR 90
2737176,XENETIX 300  SOL INJ POCHE 1/150 ML
2737236,XENETIX 350  SOL INJ POCHE 1/100 ML
2737242,XENETIX 350  SOL INJ POCHE 1/150 ML
2737288,"TELMISARTAN/HYDROCHLOROTHIAZIDE EG 40 MG/12,5 MG CPR 30"
2737325,"TELMISARTAN/HYDROCHLOROTHIAZIDE EG 40 MG/12,5 MG CPR 90"
2737495,"TELMISARTAN/HYDROCHLOROTHIAZIDE EG 80 MG/12,5 MG CPR 30"
2737549,"TELMISARTAN/HYDROCHLOROTHIAZIDE EG 80 MG/12,5 MG CPR 90"
2737704,TELMISARTAN/HYDROCHLOROTHIAZIDE EG 80 MG/25 MG CPR 30
2737756,TELMISARTAN/HYDROCHLOROTHIAZIDE EG 80 MG/25 MG CPR 90
2737957,BETAXOLOL BIOGARAN 20 MG CPR SEC 30
2737986,BETAXOLOL BIOGARAN 20 MG CPR SEC 90
2738052,BETAXOLOL SANDOZ 20 MG CPR SEC 30
2738069,BETAXOLOL SANDOZ 20 MG CPR SEC 84
2738075,BETAXOLOL SANDOZ 20 MG CPR SEC 90
2738193,TERBUTALINE SANDOZ 5 MG/2 ML SOL INHAL UNIDOSE SACHET 50/2 ML
2738230,"TELMISARTAN/HYDROCHLOROTHIAZIDE ZYDUS 40 MG/12,5 MG CPR 30"
2738276,"TELMISARTAN/HYDROCHLOROTHIAZIDE ZYDUS 80 MG/12,5 MG CPR 30"
2738307,TELMISARTAN/HYDROCHLOROTHIAZIDE ZYDUS 80 MG/25 MG CPR 30
2738313,TELMISARTAN/HYDROCHLOROTHIAZIDE ZYDUS 80 MG/25 MG CPR 90
2738632,TELMISARTAN ACTAVIS 40 MG CPR 30
2738661,TELMISARTAN ACTAVIS 40 MG CPR 90
2738715,TELMISARTAN ACTAVIS 80 MG CPR 30
2738744,TELMISARTAN ACTAVIS 80 MG CPR 90
2739287,FLUVASTATINE EVOLUGEN 40 MG GELULE 30
2740149,"CANDESARTAN/HYDROCHLOROTHIAZIDE TEVA SANTE 8 MG/12,5 MG CPR 30"
2740161,"CANDESARTAN/HYDROCHLOROTHIAZIDE TEVA SANTE 8 MG/12,5 MG CPR 90"
2740221,"CANDESARTAN/HYDROCHLOROTHIAZIDE TEVA SANTE 16 MG/12,5 MG CPR 90"
2740327,"RAMIPRIL KRKA 1,25 MG CPR 30"
2740362,"RAMIPRIL KRKA 1,25 MG CPR 90"
2740422,"RAMIPRIL KRKA 2,5 MG CPR 30"
2740451,"RAMIPRIL KRKA 2,5 MG CPR 90"
2740505,RAMIPRIL KRKA 5 MG CPR 30
2740534,RAMIPRIL KRKA 5 MG CPR 90
2740592,RAMIPRIL KRKA 10 MG CPR 30
2740623,RAMIPRIL KRKA 10 MG CPR 90
2740965,EFAVIRENZ MYLAN 600 MG CPR 30
2741025,"CANDESARTAN/HYDROCHLOROTHIAZIDE MYLAN 16 MG/12,5 MG CPR 30"
2741077,"CANDESARTAN/HYDROCHLOROTHIAZIDE MYLAN 16 MG/12,5 MG CPR 90"
2741404,"CANDESARTAN/HYDROCHLOROTHIAZIDE MYLAN 8 MG/12,5 MG CPR 90"
2741781,ESOMEPRAZOLE SANDOZ 20 MG GELULE GASTRORESISTANTE 14
2741798,ESOMEPRAZOLE SANDOZ 20 MG GELULE GASTRORESISTANTE 28
2741812,ESOMEPRAZOLE SANDOZ 40 MG GELULE GASTRORESISTANTE 28
2741841,LANSOPRAZOLE MYLAN 30 MG CPR DISP 28
2742697,MEMANTINE LEK 10 MG CPR 56
2742705,MEMANTINE LEK 20 MG CPR 28
2744727,MEMANTINE MYLAN 10 MG CPR 56
2744756,MEMANTINE MYLAN 20 MG CPR 28
2744791,LEVETIRACETAM EG 250 MG CPR 60
2744839,LEVETIRACETAM EG 500 MG CPR 60
2744957,LEVETIRACETAM EG 1000 MG CPR 60
2746057,"TELMISARTAN/HYDROCHLOROTHIAZIDE BIOGARAN 40 MG/12,5 MG CPR 30"
2746100,"TELMISARTAN/HYDROCHLOROTHIAZIDE BIOGARAN 40 MG/12,5 MG CPR 90"
2746318,"TELMISARTAN/HYDROCHLOROTHIAZIDE BIOGARAN 80 MG/12,5 MG CPR 30"
2746353,"TELMISARTAN/HYDROCHLOROTHIAZIDE BIOGARAN 80 MG/12,5 MG CPR 90"
2746577,TELMISARTAN/HYDROCHLOROTHIAZIDE BIOGARAN 80 MG/25 MG CPR 30
2746620,TELMISARTAN/HYDROCHLOROTHIAZIDE BIOGARAN 80 MG/25 MG CPR 90
2746867,"TELMISARTAN/HYDROCHLOROTHIAZIDE MYLAN PHARMA 40 MG/12,5 MG CPR 30"
2746910,"TELMISARTAN/HYDROCHLOROTHIAZIDE MYLAN PHARMA 40 MG/12,5 MG CPR 90"
2747134,"TELMISARTAN/HYDROCHLOROTHIAZIDE MYLAN PHARMA 80 MG/12,5 MG CPR 30"
2747186,"TELMISARTAN/HYDROCHLOROTHIAZIDE MYLAN PHARMA 80 MG/12,5 MG CPR 90"
2747393,TELMISARTAN/HYDROCHLOROTHIAZIDE MYLAN PHARMA 80 MG/25 MG CPR 30
2747430,TELMISARTAN/HYDROCHLOROTHIAZIDE MYLAN PHARMA 80 MG/25 MG CPR 90
2747714,"TOLUCOMBI 80 MG/12,5 MG Gé CPR 30"
2747743,TOLUCOMBI 80 MG/25 MG Gé CPR 30
2748004,CAPECITABINE EG 150 MG CPR 60
2748033,CAPECITABINE EG 500 MG CPR 120
2748151,ESOMEPRAZOLE TEVA 20 MG GELULE GASTRORESISTANTE 28
2748174,ESOMEPRAZOLE TEVA 40 MG GELULE GASTRORESISTANTE 28
2748843,GALANTAMINE EG LP 8 MG GELULE 28
2748903,GALANTAMINE EG LP 16 MG GELULE 28
2748955,GALANTAMINE EG LP 24 MG GELULE 28
2750484,MEMANTINE CRISTERS 10 MG CPR SEC 56
2750627,MEMANTINE CRISTERS 20 MG CPR 28
2751093,"TELMISARTAN/HYDROCHLOROTHIAZIDE SANDOZ 40 MG/12,5 MG CPR 30"
2751130,"TELMISARTAN/HYDROCHLOROTHIAZIDE SANDOZ 40 MG/12,5 MG CPR 90"
2751696,GLICLAZIDE KRKA 30 MG CPR 180
2752112,"TELMISARTAN/HYDROCHLOROTHIAZIDE SANDOZ 80 MG/12,5 MG CPR 30"
2752158,"TELMISARTAN/HYDROCHLOROTHIAZIDE SANDOZ 80 MG/12,5 MG CPR 90"
2752371,TELMISARTAN/HYDROCHLOROTHIAZIDE SANDOZ 80 MG/25 MG CPR 30
2752419,TELMISARTAN/HYDROCHLOROTHIAZIDE SANDOZ 80 MG/25 MG CPR 90
2757670,CAPECITABINE ACTAVIS 500 MG CPR 120
2759427,MEMANTINE ACTAVIS 10 MG CPR SEC 56
2759433,MEMANTINE ACTAVIS 20 MG CPR 28
2761192,ACARBOSE MYLAN 100 MG CPR SEC 90
3010507,BENERVA ROCHE 250MG CPR 40
3045262,"GLYCEROTONE 94,2G/150ML SOL BUV 1/150 ML"
3072661,NICOBION 500MG CPR 30
3076854,"OVESTIN 0,25MG CPR 20"
3093634,ST 52 300MG/5ML IV SOL INJ 10/5 ML
3103083,TTD B3 B4 CPR 30
3114690,VITASEPTINE 10% COLLYRE FL 10ML 1/10 ML
3118280,"LENITRAL 2,5MG GELULE 60"
3143591,CEBEDEXACOL PDR LYO ET SOL OPH 1/5 ML
3157038,"CEBENICOL 0,4% COLLYRE FL 5ML 1/5 ML"
3157908,NUX VOMICA COMPOSE SOLUTION BUVABLE 15 ML
3163180,CEFALOJECT 1G/5ML PDR ET SOL INJ IV 1/5 ML
3178661,RADIOSELECTAN U V 76% INJ 100ML+NEC 1/100 ML
3178690,RADIOSELECTAN U V 76% INJ 200ML 1/200 ML
3217119,CLARAGINE 500MG CPR EFF 20
3217125,CLARAGINE 500MG CPR EFF 36
3223976,NEGMAPEN 500MG/5ML PDR PR SIROP 1/60 ML
3228092,MEXILETINE AP-HP 200MG GELULE 30
3230054,"ORACILLINE 0,5MUI PDR ORALE SACHET 12"
3232030,CEPOREXINE 250MG/5ML GLES PR SUSP 1/60 ML
3236387,GLUCOSE BIOSEDRA 15% SOL INJ FV 1000ML 1/1000 ML
3247379,BETNEVAL NEOMYCINE POMMADE 30G 1/30 G
3255999,EQUILIUM 100MG CPR GE 20
3260084,ASAD POLLENS 5 GRAMINEES RETARD 1000PNU/ML SUSP INJ 1/7 ML
3265213,DOLIPRANE 80MG SUPPO 10
3266827,"TERSIGAT 0,1MG SOL INHAL 1/7,5 ML"
3273460,DOLCIDIUM 100MG SUPPO GE 10
3281152,CONTRACIDE SUSP BUV 1/250 ML
3281531,"BETAGAN 0,5 % COLLYRE FL 1/5 ML"
3302581,ISORYTHM 100MG GELULE GE 40
3322282,CLEMENTAL 100MG CPR 20
3333311,CIBLOR 500MG/125MG PDR ORALE 12
3334730,CALDINE 4MG CPR SEC 28
3340535,CEPAZINE 125MG/5ML GRANULES FL 80ML 16
3342971,CEFADROXIL ZYDUS 500 MG/5 ML PDRE SUSP BUV 1/60 ML
3344510,"HALCION 0,125MG CPR 7"
3346420,MODAFINIL CEPHALON 100 MG CPR 30
3357234,HYDROCORTISONE LEURQUIN 100 MG LYOPH SOL INJ 1
3359457,"ROVAMYCINE 1,5MUI GRANULES SACH 10"
3362867,NICORETTE 5 MG/16 H DISP TRANSDERM 7
3362896,NICORETTE 10 MG/16 H DISP TRANSDERM 7
3364607,DUBOISINE 1% COLLYRE FL 10ML 1/10 ML
3369467,COGNEX 40MG GELULE 112
3377633,XENETIX 250 SOL INJ FL 200ML 1/200 ML
3379164,IOMERON 150 MG D'IODE/ML SOL INJ 1/250 ML
3386276,MALTOFER 100MG/2ML SOL INJ 5/2 ML
3386709,AMOXICILLINE ZYDUS 1G CPR DISP 3
3399149,IOMERON 250 SOL INJ FL50ML + NEC 1/50 ML
3400125,GRAMIDIL 1G PDR ORALE SACHET GE 6
3400941,DILTIAZEM MSD LP 120MG GELULE 28
3407179,CEFALEXINE RPG 500MG CPR 10
3425674,DILTIAZEM ZYDUS LP 120MG GELULE 28
3431278,ACTICARBINE CPR 42
3432220,SOTALOL HEXAL 160MG CPR SEC 30
3434673,EAU PPI BIOSEDRA SOL INJ FV 250ML 1/250 ML
3434696,EAU PPI BIOSEDRA SOL INJ FV 500ML 1/500 ML
3448824,TETRANASE 250MG CPR 16
3450324,ACICLOVIR ARROW 500MG PDR INJ 1
3456700,CLARITHROMYCINE ABBOTT 25 MG/ML SUSP BUV 1/100 ML
3458202,EQUANIL 250MG CPR 30
3461693,VIRACEPT 50MG/G PDR ORALE FL 144G 1/144 G
3469223,CROMOFREE 2 % COLLYRE FL 1/10 ML
3481885,SPIRONOLACTONE G GAM 75MG CPR 30
3483246,"ALPRAZOLAM MYLAN 0,50 MG CPR SEC 30"
3483743,"ALPRAZOLAM MYLAN 0,25 MG CPR SEC 30"
3493204,EPREX 10 000UI/ML SOL INJ FL 1ML 6/1 ML
3494474,HUMALOG BASAL 100 UI/ML SUSP INJ CARTOUCHE 5/3 ML
3498147,"NEUPOGEN 48 MU (0,3 MG/ML) SOL INJ 1/1,6 ML"
3503629,RIZATRIPTAN TEVA 10 MG CPR DISP 2
3503641,RIZATRIPTAN TEVA 10 MG CPR DISP 6
3503658,RIZATRIPTAN TEVA 10 MG CPR DISP 12
3506042,SPIRONONE 75MG CPR Gé 30
3506651,RANITIDINE BIOGALENIQUE 300 MG CPR 15
3514797,BETAHISTINE G GAM 8MG CPR 30
3516460,GASTROBAR PDR ORALE 1/340 G
3517873,VISIPAQUE 150 MG D'I/ML SOL INJ 1/200 ML
3518447,ZATUR 5MG CPR Gé 60
3519004,"CLINOMEL N7-1000 EMULSION + SOL 1,5L 1/1,5 L"
3522785,GLUCOSE MACO PHARMA 5% SOL INJ POC 50ML 1/50 ML
3525358,FENOFIBRATE CLL PHARMA 200 MG GELULE 30
3525387,FENOFIBRATE CLL PHARMA 67 MG GELULE 60
3531956,FLUIMUCIL 2 % ENF SOL BUV 1/100 ML
3534096,RISEDRONATE WINTHROP 75 MG CPR 2
3534127,RISEDRONATE WINTHROP 75 MG CPR 6
3534854,FENOFIBRATE EG LABO 67 MG GELULE 60
3541529,NITRENDIPINE ZYDUS 20 MG CPR SEC 28
3553432,"CHOLSTAT 0,4MG CPR 28"
3554584,MONTELUKAST BIOGARAN 5 MG CPR 28
3554704,MONTELUKAST BIOGARAN 10 MG CPR 28
3555046,FENOFIBRATE G GAM 67MG GELULE 60
3555052,FENOFIBRATE G GAM 67 MG GELULE 90
3561673,UBIT 100 MG (UREE 13C) GRANULES SOL BUV SACHET 1
3570979,ENALAPRIL ZYDUS 5MG CPR 28
3573311,MOLSIDOMINE G GAM 4MG CPR 30
3574492,AMOXICILLINE ZENTIVA 1 G CPR DISP 3
3576404,CAPTOPRIL ARROW 25 MG CPR SEC 90
3588790,CAPTOPRIL APOTEX FRANCE 25 MG CPR SEC 30
3592432,ASMANEX TWISTHALER 200 MCG/DOSE PDRE INHAL 30 DOSES
3592449,ASMANEX TWISTHALER 200 MCG/DOSE PDRE INHAL 60 DOSES
3592455,ASMANEX TWISTHALER 400 MCG/DOSE PDRE INHAL 30 DOSES
3592461,ASMANEX TWISTHALER 400 MCG/DOSE PDRE INHAL 60 DOSES
3592573,ENALAPRIL EVOLUGEN 20 MG CPR SEC 30
3598009,CEFTRIAXONE RATIOPHARM 500 MG/5 ML PDRE SOLV SOL INJ 1/5 ML
3598541,ANASTROZOLE QUALIMED 1 MG CPR 90
3598564,NPLATE 250 MCR PDRE SOLV SOL INJ 4
3601303,CILOXAN 3 MG/ML SOL AURIC 1/5 ML
3604069,DILTIAZEM CRISTERS LP 300MG GELULE 28
3609026,ENALAPRIL ARROW 20 MG CPR SEC 30
3611388,THEOPHYLLINE TEVA LP 100MG GELULE 30
3611402,THEOPHYLLINE TEVA LP 300MG GELULE 30
3623960,AMISULPRIDE G GAM 200 MG CPR SEC 60
3632580,OMEPRAZOLE SET 20MG GELULE 14
3634656,"NEORECORMON 30 000UI SOL INJ SER 1/0,6 ML"
3641567,LISINOPRIL SANDOZ 5 MG CPR SEC 30
3643135,PIROXICAM ZYDUS 10MG GELULE 30
3645097,ZOLPIDEM MYLAN 10 MG CPR SEC 14
3649907,"NICOPASS 1,5MG PAST REGL SS SUCRE 12"
3651637,MIMPARA 90MG CPR 14
3664723,CHLORMADINONE THERAMEX 10MG CPR 12
3666739,"GRANIONS SELENIUM 0,96MG/2ML SOL BUV 30/2 ML"
3669956,FLUCONAZOLE BIOGARAN 200 MG CPR 30
3681762,"COTEOULA 30 MG/12,5 MG CPR 30"
3685671,AMISULPRIDE SANDOZ 400 MG CPR SEC 30
3691499,XENETIX 300 MG SOL INJ 1/200 ML
3691648,ACETYLCYSTEINE RATIOPHARM 200MG PDR ORALE 20/3 G
3693587,"RAMIPRIL ARROW 1,25MG GELULE 30"
3693883,RAMIPRIL ARROW 5 MG CPR 30
3699578,LIDOCAINE/PRILOCAINE ZENTIVA 5 % CREME TUBE 1/5 G
3700672,"RAMIPRIL MYLAN 2,5 MG CPR SEC 30"
3700761,RAMIPRIL MYLAN 5 MG CPR SEC 30
3700844,RAMIPRIL MYLAN 10 MG CPR SEC 30
3704345,ALFUZOSINE SANDOZ LP 5MG CPR 56
3705422,AMOXICILLINE SET 125MG/5ML PDR FL 12
3707846,FUROSEMIDE G GAM 40 MG CPR SEC 30
3713002,SIMVASTATINE ALMUS 20 MG CPR SEC 90
3714734,CELIPROLOL RATIOPHARM 200 MG CPR SEC 84
3717827,FENOFIBRATE RPG 67 MG GELULE 90
3719737,FENOFIBRATE ZYDUS 67 MG GELULE 90
3722739,ATENOLOL RATIOPHARM 50 MG CPR SEC 84
3723271,SPIRONOLACTONE CRISTERS 75 MG CPR SEC 90
3723696,ENALAPRIL RATIO 20 MG CPR SEC 84
3723710,ENALAPRIL RATIO 5 MG CPR SEC 84
3723727,ENALAPRIL RATIO 5 MG CPR SEC 90
3728245,FENOFIBRATE ALTER 160 MG CPR 90
3730182,"ENALAPRIL/HYDROCHLOROTHIAZIDE QUALIMED 20 MG/12,5 MG CPR SEC 84"
3730839,LISINOPRIL ALMUS 20 MG CPR SEC 90
3731336,CAPTOPRIL SANDOZ 25 MG CPR SEC 90
3731572,DILTIAZEM G GAM 300 MG GELULE 90
3731810,SPIRONOLACTONE G GAM 75MG CPR 90
3736262,ENALAPRIL RPG 20 MG CPR SEC 90
3738870,TANATRIL 10 MG CPR SEC 84
3738887,TANATRIL 10 MG CPR SEC 90
3739088,ATENOLOL EG 50 MG CPR SEC 84
3739243,ENALAPRIL EG 5 MG CPR SEC 84
3741122,OXOGLURATE D'ORNITHINE CHIESI 5 G PDRE SOL BUV ET GAST SACHET 10
3741547,"ADOPORT 0,5 MG GELULE 50"
3742713,PAROXETINE EVOLUGEN 20 MG CPR SEC 14
3744014,AMLODIPINE MYLAN 5 MG GELULE 30
3744712,QUINAPRIL SANDOZ 5 MG CPR SEC 30
3744741,QUINAPRIL SANDOZ 5 MG CPR SEC 90
3745083,"MOXONIDINE RATIOPHARM 0,2 MG CPR 90"
3745284,LISINOPRIL ACTAVIS 5 MG CPR SEC 28
3746119,SPIRAMYCINE MYLAN 3 MUI CPR 10
3746148,SPIRAMYCINE MYLAN 3 MUI CPR 16
3748532,ADOPORT 1 MG GELULE 50
3751511,CAYSTON 75 MG PDRE SOL INHAL FL 84
3751669,LOSARTAN INTAS 50 MG CPR SEC 30
3751698,LOSARTAN INTAS 50 MG CPR SEC 90
3752456,FINASTERIDE SANDOZ 5 MG CPR 28
3754372,IRBESARTAN ALTER 150 MG CPR 30
3754403,IRBESARTAN ALTER 150 MG CPR 90
3755035,PRAVASTATINE RANBAXY 40 MG CPR 84
3755199,PRAVASTATINE RANBAXY 10MG CPR 28
3757502,CYTARABINE EG 20 MG/ML SOL INJ FL 1/2 ML
3760409,CAPTOPRIL/HYDROCHLOROTHIAZIDE TEVA 50 MG/25 MG CPR SEC 30
3761745,ONDANSETRON RANBAXY 8 MG CPR 4
3761840,ONDANSETRON RANBAXY 4 MG CPR 4
3762503,FOSINOPRIL DCI PHARMA 10 MG CPR 30
3763052,NICORETTE 4 MG SANS SUCRE GOMME A MACHER MEDIC 30
3764979,PERINDOPRIL DCI PHARMA 4 MG CPR SEC 30
3766300,GLIMEPIRIDE ALMUS 4 MG CPR 30
3768256,"ENALAPRIL/HYDROCHLOROTHIAZIDE EG 20 MG/12,5 MG CPR SEC 84"
3768368,"MOXONIDINE EG 0,2 MG CPR 84"
3768807,CAPTOPRIL/HYDROCHLOROTHIAZIDE TEVA 50 MG/25 MG CPR SEC 90
3769385,SERTRALINE ALS 25 MG GELULE 7
3771011,BENAZEPRIL EG 10MG CPR 28
3774587,"INDAPAMIDE TEVA SANTE 1,5 MG CPR 30"
3774624,"INDAPAMIDE TEVA SANTE 1,5 MG CPR 90"
3774819,PARACETAMOL SET 500 MG CPR 16
3776385,SPRYCEL 50 MG CPR 60
3776942,"MOXONIDINE TEVA 0,2 MG CPR 84"
3778941,FENOFIBRATE TEVA CLASSICS 67 MG GELULE 90
3779774,"BETESIL 2,25 MG EMPLATRE MEDIC 8"
3779828,FLUCONAZOLE ALMUS 200 MG GELULE 30
3780398,"CEFTAZIDIME ACTAVIS 0,5 MG SOL INJ 1"
3780412,CEFTAZIDIME GERDA 1 G SOL INJ 1
3781713,QUINAPRIL WINTHROP 20 MG CPR SEC 90
3783474,ENALAPRIL REF 20 MG CPR SEC 28
3783882,MANIDIPINE TEVA 20 MG CPR 30
3785504,CAPTOPRIL/HYDROCHLOROTHIAZIDE SANDOZ 50 MG/25 MG CPR SEC 84
3785510,CAPTOPRIL/HYDROCHLOROTHIAZIDE SANDOZ 50 MG/25 MG CPR SEC 90
3787294,LOSARTAN ALTER 50 MG CPR SEC 30
3788164,MOVIPREP PDRE SOL BUV SACHET 2/112 G + 2/11 G
3789181,METFORMINE RANBAXY 500 MG CPR 30
3792496,JANUVIA 50 MG CPR 28
3793283,XELEVIA 50 MG CPR 28
3793403,"AZITHROMYCINE SANDOZ 40 MG/ML 1 FLACON DE 25,14 G"
3795589,NIQUITIN 21MG/24H DISP TRANSDER 14
3797418,CIPROFIBRATE ALMUS 100 MG GELULE 90
3799305,SELEXID 200 MG CPR 12
3805477,"ARANESP 130 MCG SOL INJ STYLO 4/0,65 ML"
3813560,ATENOLOL SANDOZ 100 MG CPR SEC 28
3813809,ACEBUTOLOL RANBAXY 400 MG CPR 30
3817813,RISPERIDONE EVOLUGEN 4 MG CPR SEC 30
3818505,"GLIBENCLAMIDE SANDOZ 2,5MG CPR 180"
3821453,"BINOCRIT 2 000 UI/0,5 ML SOL INJ 1/0,5 ML"
3821683,BINOCRIT 10 000 UI/1 ML SOL INJ 6/1 ML
3832770,"EPREX 40 000 UI/0,75ML SOL INJ 4/0,75 ML"
3834616,RISPERIDONE RATIO 1 MG CPR SEC 60
3835490,RISPERIDONE RATIO 4 MG CPR SEC 30
3836868,PHLOROGLUCINOL REF 80MG CPR 10
3839499,FENOFIBRATE TEVA CLASSICS 160 MG CPR 30
3841763,VALACICLOVIR SANDOZ 500 MG CPR 112
3848073,BICALUTAMIDE DCI PHARMA 50 MG CPR 30
3848742,GLIMEPIRIDE ALTER 3 MG CPR 90
3851661,METFORMINE RANBAXY 500 MG CPR 90
3851709,METFORMINE RANBAXY 850 MG CPR 90
3852548,"ZOPICLONE RANBAXY 7,5MG CPR SEC 14"
3853430,VENLAFAXINE MYLAN 25MG CPR 30
3853482,VENLAFAXINE ACTAVIS 25MG CPR 30
3854576,"LOSARTAN/HYDROCHLOROTHIAZIDE ALTER 50 MG/12,5 MG CPR SEC 90"
3854725,LOSARTAN/HYDROCHLOROTHIAZIDE ALTER 100 MG/25 MG CPR SEC 30
3857563,IBUPROFENE QUALIMED 400 MG CPR 20
3861702,PRAVASTATINE RPG 10 MG CPR 28
3864379,"ENALAPRIL/HYDROCHLOROTHIAZIDE SANDOZ 20 MG/12,5 MG CPR SEC 84"
3864971,"TEVAGRASTIM 48 MUI/0,8 ML SOL INJ OU PERF 5/0,8 ML"
3864994,ACEBUTOLOL ALMUS 400 MG CPR 90
3867389,FOSINOPRIL ZENTIVA 20 MG CPR 90
3867432,FOSINOPRIL WINTHROP 10 MG CPR SEC 90
3867521,TRAMADOL RANBAXY LP 100 MG CPR 30
3867544,TRAMADOL RANBAXY LP 200 MG CPR 30
3868532,"ROPINIROLE RANBAXY 0,5MG CPR 21"
3869951,"FOSINOPRIL HYDROCHLOROTHIAZIDE WINTHROP 20 MG/12,5 MG CPR 90"
3870090,ONDANSETRON RANBAXY 8 MG CPR DISP 2
3870693,PERINDOPRIL VENIPHARM 4 MG CPR SEC 30
3881691,DIACEREINE PHARMA 2 000 50 MG GELULE 30
3883023,VIMPAT 200MG CPR 14
3888049,SIMVASTATINE GERDA 40 MG CPR 90
3888411,"RAMIPRIL EVOLUGEN 1,25 MG CPR 90"
3891198,"LOSARTAN/HYDROCHLOROTHIAZIDE OPENING PHARMA 50 MG/12,5 MG CPR 28"
3891815,LOSARTAN/HYDROCLHOROTHIAZIDE EVOLUGEN 100 MG/25 MG CPR 28
3893145,MONTELUKAST SANDOZ 5 MG CPR 28
3893398,"COMBODART 0,5 MG/0,4 MG GELULE 30"
3894251,VENLAFAXINE ALTISO 25MG CPR 30
3895782,"BRIMONIDINE QUALIMED 0,2 P. 100 (2 MG/ML) COLLYRE 1/5 ML"
3896209,MONTELUKAST TEVA 10 MG CPR 28
3896304,MONTELUKAST TEVA 5 MG CPR 28
3896511,"LOSARTAN/HYDROCLHOROTHIAZIDE EVOLUGEN 50 MG/12,5 MG CPR 84"
3896534,LOSARTAN/HYDROCLHOROTHIAZIDE EVOLUGEN 100 MG/25 MG CPR 84
3899142,LANSOPRAZOLE KRKA 30 MG GELULE GASTRORESISTANTE 7
3899159,LANSOPRAZOLE KRKA 30 MG GELULE GASTRORESISTANTE 14
3899171,LANSOPRAZOLE KRKA 30 MG GELULE GASTRORESISTANTE 28
3899366,LANSOPRAZOLE KRKA 15 MG GELULE GASTRORESISTANTE 15
3899389,LANSOPRAZOLE KRKA 15 MG GELULE GASTRORESISTANTE 30
3900253,ALVESCO 80 MCG/DOSE SOL INHAL 60 DOSES
3900299,ALVESCO 160 MCG/DOSE SOL INHAL 60 DOSES
3903205,AMOXICILLINE/ACIDE CLAVULANIQUE RANBAXY 1 G/125 MG SACHET 8
3903263,AMOXICILLINE/ACIDE CLAVULANIQUE RANBAXY 1 G/125 MG
3903317,AMOXICILLINE/ACIDE CLAVULANIQUE RANBAXY 1 G/125 MG
3918715,LEVOCARNITINE AGUETTANT 1 G/5 ML SOL INJ 10/5 ML
3927128,PANTOPRAZOLE MYLAN PHARMA 40 MG CPR GASTRORESISTANT 28
3931911,CEFUROXIME ACTAVIS 125 MG CPR 8
3932069,PANTOPRAZOLE MYLAN PHARMA 20 MG CPR GASTRORESISTANT 28
3934890,RILUZOLE ACTAVIS 50 MG CPR 56
3940933,KETOCONAZOLE RANBAXY 2 P. 100 GEL SACHET 8/6 G
3943446,DOLSTIC 100 MG/ML SOL BUV 1/60 ML
3943452,DOLSTIC 100 MG/ML SOL BUV 1/30 ML
3947154,FLUVASTATINE ACTAVIS FRANCE LP 80 MG CPR 30
3947622,TRAMADOL ACTAVIS LP 200 MG CPR 30
3947740,TRAMADOL ACTAVIS LP 200 MG CPR 30
3947817,TRAMADOL ACTAVIS LP 100 MG CPR 30
3947941,TRAMADOL ACTAVIS LP 100 MG CPR 30
3951718,FLUCONAZOLE PANPHARMA 100 MG GELULE 7
3951753,FLUCONAZOLE PANPHARMA 200 MG GELULE 7
3951776,FLUCONAZOLE PANPHARMA 200 MG GELULE 30
3959134,"ARANESP 15 MCG SOL INJ 1/0,375 ML"
3959281,"ARANESP 80 MCG SOL INJ 4/0,4 ML"
3959341,"ARANESP 150 MCG SOL INJ 4/0,3 ML"
3959387,ARANESP 500 MCG SOL INJ 4/1 ML
3962142,LOSARTAN KRKA 100 MG CPR 30
3965672,OMEPRAZOLE NEPENTHES 20 MG CAPSULE 7
3965689,OMEPRAZOLE NEPENTHES 20 MG CAPSULE 14
3965695,OMEPRAZOLE NEPENTHES 20 MG CAPSULE 28
3965732,OMEPRAZOLE NEPENTHES 20 MG CAPSULE 28
3971721,METFORMINE BGR 500 MG CPR 30
3971744,METFORMINE BGR 500 MG CPR 90
3971796,METFORMINE BGR 850 MG CPR 30
3971810,METFORMINE BGR 850 MG CPR 90
3971833,METFORMINE BIOGARAN 1000 MG CPR 30
3971862,METFORMINE BIOGARAN 1000 MG CPR 90
3974837,EPORATIO 30 000 UI/1 ML SOL INJ SER + DISP SECU 1/1 ML
3974866,EPORATIO 30 000 UI/1 ML SOL INJ 4/1 ML
3978870,RIVASTIGMINE EG 3 MG GELULE 28
3979125,RIVASTIGMINE EG 6 MG GELULE 28
3982707,TRAMADOL ACTAVIS LP 150 MG CPR 30
3998424,CLOPIDOGREL SANDOZ 75 MG CPR 30
4150736,MONTELUKAST ZYDUS 5 MG CPR 28
4153054,ATORVASTATINE SANDOZ 10 MG CPR 30
4153077,ATORVASTATINE SANDOZ 10 MG CPR 90
4153166,ATORVASTATINE SANDOZ 20 MG CPR SEC 30
4153189,ATORVASTATINE SANDOZ 20 MG CPR SEC 90
4153261,ATORVASTATINE SANDOZ 40 MG CPR SEC 30
4153284,ATORVASTATINE SANDOZ 40 MG CPR SEC 90
4154674,LERCANIDIPINE MYLAN PHARMA 10 MG CPR SEC 30
4154711,LERCANIDIPINE MYLAN PHARMA 10 MG CPR SEC 90
4154935,LERCANIDIPINE MYLAN PHARMA 20 MG CPR SEC 90
4155159,RIBAVARINE SANDOZ 200 MG GELULE 84
4155194,RIBAVARINE SANDOZ 200 MG GELULE 112
4155745,"SAIZEN 5,83 MG/ML SOL INJ CARTOUCHE 1/1,03 ML"
4155774,"SAIZEN 8 MG/ML SOL INJ CARTOUCHE 1/2,50 ML"
4157230,GLUCOSE FRESENIUS 5 % SOL INJ POCHE 1/100 ML
4157307,RISEDRONATE ARROW 75 MG CPR 2
4158117,METFORMINE EVOLUGEN 500 MG CPR 30
4158235,METFORMINE EVOLUGEN 500 MG CPR 90
4158376,METFORMINE EVOLUGEN 850 MG CPR 90
4158442,METFORMINE EVOLUGEN 850 MG CPR 90
4158695,METFORMINE EVOLUGEN 1000 MG CPR SEC 90
4161527,MONTELUKAST MYLAN 5 MG CPR 28
4161987,RALOXIFENE MYLAN PHARMA 60 MG CPR 28
4162001,RALOXIFENE MYLAN PHARMA 60 MG CPR 84
4162811,ANTALNOX 550 MG Gé CPR SEC 16
4163532,MONTELUKAST CRISTERS 5 MG CPR 30
4163667,MONTELUKAST CRISTERS 10 MG CPR 30
4164201,CANDESARTAN MYLAN 4 MG CPR SEC 30
4164365,CANDESARTAN MYLAN 8 MG CPR SEC 30
4164514,CANDESARTAN MYLAN 16 MG CPR SEC 30
4165749,PANTOPRAZOLE MYLAN 20 MG CPR GASTRORESISTANT 28
4165904,PANTOPRAZOLE MYLAN 40 MG CPR GASTRORESISTANT 28
4167501,GLICLAZIDE ACTAVIS 30 MG CPR 60
4169233,"CANDESARTAN/HYDROCHLOROTHIAZIDE KRKA 16 MG/12,5 MG CPR 30"
4170147,LYRICA 20 MG/ML SOL BUV 1
4171690,TROBALT 400 MG CPR 84
4172413,ATORVASTATINE EVOLUGEN 40 MG CPR 30
4173217,ATORVASTATINE EVOLUGEN 10 MG CPR 30
4176569,PRAVASTATINE ALS 40 MG CPR 84
4176658,XEPLION 25 MG SUSP INJ 1
4176664,XEPLION 50 MG SUSP INJ 1
4176670,XEPLION 75 MG SUSP INJ 1
4176687,XEPLION 100 MG SUSP INJ 1
4176693,XEPLION 150 MG SUSP INJ 1
4178120,LANSOPRAZOLE ABBOTT 30 MG GELULE GASTRORESISTANTE 28
4178315,LANSOPRAZOLE CRISTERS 15 MG GELULE GASTRORESISTANTE 15
4178338,LANSOPRAZOLE CRISTERS 15 MG GELULE GASTRORESISTANTE 30
4178746,LANSOPRAZOLE CRISTERS 30 MG GELULE GASTRORESISTANTE 7
4178752,LANSOPRAZOLE CRISTERS 30 MG GELULE GASTRORESISTANTE 14
4178775,LANSOPRAZOLE CRISTERS 30 MG GELULE GASTRORESISTANTE 28
4182920,ATORVASTATINE BLUEFISH 40 MG CPR 90
4183670,LISINOPRIL MYLAN PHARMA 5 MG CPR SEC 28
4183724,LISINOPRIL MYLAN PHARMA 5 MG CPR SEC 84
4183894,LISINOPRIL MYLAN PHARMA 20 MG CPR SEC 28
4185611,IRBESARTAN PFIZER 75 MG CPR 30
4186065,LEVOFLOXACINE BLUEFISH 500 MG CPR SEC 5
4191416,TELMISARTAN SANDOZ 40 MG CPR 30
4191468,TELMISARTAN SANDOZ 40 MG CPR 90
4191540,TELMISARTAN SANDOZ 80 MG CPR 30
4191600,TELMISARTAN SANDOZ 80 MG CPR 90
4191675,SIMVASTATINE EVOLUGEN 20 MG CPR SEC 84
4191942,VALSARTAN ACTAVIS 160 MG CPR SEC 30
4191994,KETOPROFENE BIOGARAN 150 MG CPR SEC 10
4192982,"ROPINIROLE LAMBDA THERAPEUTICS 0,25 MG CPR 21"
4193208,ROPINIROLE LAMBDA THERAPEUTICS 2 MG CPR 21
4193220,ROPINIROLE LAMBDA THERAPEUTICS 5 MG CPR 21
4194509,LAMIVUDINE/ZIDOVUDINE TEVA 150 MG/300 MG CPR SEC 60
4195041,EXEMESTANE PFIZER 25 MG CPR 30
4196738,"IRBESARTAN/HYDROCHLOROTHIAZIDE EG 150 MG/12,5 MG CPR 30"
4196773,"IRBESARTAN/HYDROCHLOROTHIAZIDE EG 150 MG/12,5 MG CPR 90"
4197100,IRBESARTAN/HYDROCHLOROTHIAZIDE EG 300 MG/25 MG CPR 30
4197146,IRBESARTAN/HYDROCHLOROTHIAZIDE EG 300 MG/25 MG CPR 90
4197198,"IRBESARTAN/HYDROCHLOROTHIAZIDE EG 300 MG/12,5 MG CPR 30"
4197229,"IRBESARTAN/HYDROCHLOROTHIAZIDE EG 300 MG/12,5 MG CPR 90"
4197608,TELMISARTAN BIOGARAN 40 MG CPR 30
4197620,TELMISARTAN BIOGARAN 40 MG CPR 90
4197703,TELMISARTAN BIOGARAN 80 MG CPR 30
4197732,TELMISARTAN BIOGARAN 80 MG CPR 90
4197873,TELMISARTAN CRISTERS 40 MG CPR 30
4197904,TELMISARTAN CRISTERS 40 MG CPR 90
4197979,TELMISARTAN CRISTERS 80 MG CPR 30
4197991,TELMISARTAN CRISTERS 80 MG CPR 90
4199429,RALOXIFENE ZENTIVA 60 MG CPR 28
4199441,RALOXIFENE ZENTIVA 60 MG CPR 84
4199470,RALOXIFENE BIOGARAN 60 MG CPR 28
4199493,RALOXIFENE BIOGARAN 60 MG CPR 84
4199524,RALOPHARM 60 MG Gé CPR 28
4199547,RALOPHARM 60 MG Gé CPR 84
4900746,COVERSYL 10 MG CPR 90
4901042,"INNOHEP 4500 UI ANTI XA/0,45 ML SOL INJ 6/0,45 ML"
4901131,COVERSYL 5 MG CPR SEC 90
4901148,ARIMIDEX 1 MG CPR 28
4901154,EUPANTOL 20 MG CPR GASTRORESISTANT 28
4901183,EUPANTOL 40 MG CPR GASTRORESISTANT 28
4901208,COSOPT 20 MG/5 MG/ML COLLYRE FL 1/5 ML
4901220,"CARDENSIEL 2,5 MG CPR SEC 30"
4901289,XATRAL LP 10 MG CPR 30
4901326,PERMIXON 160 MG GELULE 180
4901378,"CARDENSIEL 2,5 MG CPR SEC 90"
4901390,NEURONTIN 400 MG GELULE 90
4901409,NEURONTIN 300 MG GELULE 90
4901438,CORDARONE 200 MG CPR SEC 30
4901444,TAVANIC 500 MG CPR SEC 5
4901450,CASODEX 50 MG CPR 30
4901473,INEXIUM 20 MG CPR GASTRORESISTANT 28
4901504,INEXIUM 40 MG CPR GASTRORESISTANT 28
4901556,COVERAM 10 MG/10 MG CPR 30
4901579,INEXIUM 20 MG CPR GASTRORESISTANT 7
4901585,INEXIUM 20 MG CPR GASTRORESISTANT 14
4901591,INEXIUM 20 MG CPR GASTRORESISTANT 28
4901622,DIAMICRON 60 MG CPR SEC 30
4901639,DIAMICRON 60 MG CPR SEC 90
4901668,MOPRAL 20 MG GELULE 28
4901674,COVERSYL 5 MG CPR SEC 30
4901680,COVERSYL 5 MG CPR SEC 90
4901697,FORTZAAR 100 MG/25 MG CPR 28
4901705,FORTZAAR 100 MG/25 MG CPR 84
4901711,PERMIXON 160 MG GELULE 60
4901869,"AVODART 0,5 MG CPR 30"
4901941,COVERSYL 5 MG CPR SEC 30
4910779,IRBESARTAN ISOMED 300 MG CPR 90
4910845,IRBESARTAN ISOMED 150 MG CPR 90
4910880,IRBESARTAN ISOMED 75 MG CPR 30
4910911,IRBESARTAN ISOMED 75 MG CPR 90
4913134,VOTRIENT 200 MG CPR 30
4913157,VOTRIENT 400 MG CPR 30
4913163,VOTRIENT 400 MG CPR 60
4913401,DICLOFENAC EG 1% GEL FL PRESS 1/100 ML
4917741,PERINDOPRIL PFIZER 4 MG CPR SEC 30
4921719,FENTANYL RANBAXY 25 MCG/H DISP TRANSDERM 5
4921725,FENTANYL RANBAXY 50 MCG/H DISP TRANSDERM 5
4921731,FENTANYL RANBAXY 75 MCG/H DISP TRANSDERM 5
4921748,FENTANYL RANBAXY 100 MCG/H DISP TRANSDERM 5
4921754,FENTANYL RANBAXY 12 MCG/H DISP TRANSDERM 5
4925568,MONTELUKAST SANDOZ 10 MG CPR 28
4926616,RAMIPRIL PFIZER 5 MG CPR SEC 90
4926740,MODAFINIL BIOGARAN 100 MG CPR 30
4927343,PRAVASTATINE MYLAN PHARMA 10 MG CPR 28
4927426,PRAVASTATINE MYLAN PHARMA 20 MG CPR SEC 28
4927455,PRAVASTATINE MYLAN PHARMA 20 MG CPR SEC 84
4927515,PRAVASTATINE MYLAN PHARMA 40 MG CPR SEC 84
4928561,PROLIA 60 MG SOL INJ 1
4928578,PROLIA 60 MG SOL INJ 1
4933645,PANTOPRAZOLE TEVA SANTE 20 MG CPR GASTRORESISTANT 14
4933651,PANTOPRAZOLE TEVA SANTE 20 MG CPR GASTRORESISTANT 28
4933711,PANTOPRAZOLE TEVA SANTE 40 MG CPR GASTRORESISTANT 7
4933728,PANTOPRAZOLE TEVA SANTE 40 MG CPR GASTRORESISTANT 14
4933734,PANTOPRAZOLE TEVA SANTE 40 MG CPR GASTRORESISTANT 28
4937554,TELMISARTAN TEVA SANTE 40 MG CPR 30
4937614,TELMISARTAN TEVA SANTE 40 MG CPR 90
4937809,TELMISARTAN TEVA SANTE 80 MG CPR 30
4937844,TELMISARTAN TEVA SANTE 80 MG CPR 90
4940674,BISOPROLOL ISOMED 10 MG CPR SEC 30
4945648,MYCOPHENOLATE MOFETIL QUALIMED GENERIQUES 500 MG CPR 50
4945878,TAHOR 10 MG CPR 30
4945884,TAHOR 20 MG CPR 30
4950448,CELLCEPT 250 MG GELULE 100
4950454,CELLCEPT 500 MG CPR 50
4950483,KEPPRA 1000 MG CPR 60
4950514,ZYPREXA 5 MG CPR 28
4950520,ZYPREXA 10 MG CPR 28
4950566,"NOVONORM 0,5 MG CPR 90"
4950589,NOVONORM 1 MG CPR 90
4950632,UROREC 4 MG GELULE 30
4950649,UROREC 8 MG GELULE 30
4950661,XARELTO 10 MG CPR 10
4950678,XARELTO 10 MG CPR 30
4950684,PLAVIX 75 MG CPR 30
4950709,ZYPREXA 10 MG CPR 28
4950715,ZYPREXA 5 MG CPR 28
4950721,PROCORALAN 5 MG CPR 56
4950744,ZYPREXA VELOTAB 10 MG CPR DISP 28
4950750,"NOVONORM 0,5 MG CPR 90"
4950767,NOVONORM 1 MG CPR 90
4950879,ARAVA 10 MG CPR 30
4950885,ARAVA 20 MG CPR 30
4960553,LAMALINE 500 MG/25 MG GELULE 16
4961096,"VENLAFAXINE KRKA 37,5 MG Gé GELULE 30"
4961535,VENLAFAXINE KRKA 75 MG Gé GELULE 30
4962322,PANTOPRAZOLE TEVA 40 MG PDRE SOL INJ 1
4962434,IRBESARTAN CRISTERS 75 MG CPR 30
4962463,IRBESARTAN CRISTERS 75 MG CPR 90
4962517,IRBESARTAN CRISTERS 150 MG CPR 30
4962552,IRBESARTAN CRISTERS 150 MG CPR 90
4962598,IRBESARTAN CRISTERS 300 MG CPR 30
4962629,IRBESARTAN CRISTERS 300 MG CPR 90
4965711,"IRBESARTAN/HYDROCHLOROTHIAZIDE ZYDUS 150 MG/12,5 MG CPR 30"
4965740,"IRBESARTAN/HYDROCHLOROTHIAZIDE ZYDUS 150 MG/12,5 MG CPR 90"
4966691,"IRBESARTAN/HYDROCHLOROTHIAZIDE ZYDUS 300 MG/12,5 MG CPR 30"
4966739,"IRBESARTAN/HYDROCHLOROTHIAZIDE ZYDUS 300 MG/12,5 MG CPR 90"
4966923,MONTELUKAST MYLAN 10 MG CPR 28
4972680,LEFLUNOMIDE WINTHROP 10 MG CPR 30
4972705,LEFLUNOMIDE WINTHROP 20 MG CPR 30
4974130,RISEDRONATE ACTAVIS 35 MG CPR 4
4974182,"GENOTONORM 5,3 MG PDRE SOLV SOL INJ STYLO 1"
4974199,"GENOTONORM 5,3 MG PDRE SOLV SOL INJ STYLO 5"
4974207,GENOTONORM 12 MG PDRE SOLV SOL INJ STYLO 1
4974213,GENOTONORM 12 MG PDRE SOLV SOL INJ STYLO 5
4979044,METFORMINE ACTAVIS 500 MG  CPR 30
4979305,METFORMINE ACTAVIS 1000 MG  CPR SEC 30
4979481,METFORMINE ACTAVIS 500 MG  CPR 30
4979601,METFORMINE ACTAVIS 850 MG  CPR 30
4981213,BREAKYL 200 MCG FILM ORODISP 10
4982193,REANUTRIFLEX OMEGA G 144/N 8/E EMULS PERF POCHE 5/625 ML
4982201,REANUTRIFLEX OMEGA G 144/N 8/E EMULS PERF POCHE 5/1250 ML
4982218,REANUTRIFLEX OMEGA G 144/N 8/E EMULS PERF POCHE 5/1875 ML
4982342,"MEDNUTRIFLEX OMEGA G 120/N 5,4/E EMULS PERF POCHE 5/1250 ML"
4982359,"MEDNUTRIFLEX OMEGA G 120/N 5,4/E EMULS PERF POCHE 5/1875 ML"
4985493,"JEXT 150 MCG SOL INJ STYLO 1/0,15 ML"
4985501,"JEXT 300 MCG SOL INJ STYLO 1/0,30 ML"
4985582,"LETROZOLE MYLAN PHARMA 2,5 MG CPR 30"
4987902,"COMBODART 0,5 MG/0,4 MG GELULE 90"
4987925,FOSFOPHARM ADULTES Gé 3 G GRANULES SOL BUV 1/8 G
4988445,MONTELUKAST KRKA 4 MG CPR 28
4988623,MONTELUKAST KRKA 5 MG CPR 28
4989083,TERBINAFINE BIOSTABILEX 250 MG CPR SEC 28
4990353,"BISOPROLOL MYLAN 1,25 MG CPR 30"
4990399,"BISOPROLOL MYLAN 2,5 MG CPR SEC 30"
4990436,"BISOPROLOL MYLAN 3,75 MG CPR SEC 30"
4990465,BISOPROLOL MYLAN 5 MG CPR SEC 30
4990548,BISOPROLOL MYLAN PHARMA 10 MG CPR SEC 30
4994807,ESOMEPRAZOLE KRKA 20 MG GELULE GASTRORESISTANTE 14
4994842,ESOMEPRAZOLE KRKA 40 MG GELULE GASTRORESISTANTE 28
4996456,PRAVASTATINE TEVA SANTE 40 MG CPR 28
4996545,PRAVASTATINE RATIO 10 MG CPR 28
4996634,PRAVASTATINE RATIO 20 MG CPR 28
4996686,PRAVASTATINE RATIO 20 MG CPR 84
4997496,"LOSARTAN/HYDROCHLOROTHIAZIDE ACTAVIS 50 MG/12,5 MG CPR 90"
4997869,MONTELUKAST ZYDUS 10 MG CPR 28
4999182,MONTELUKAST EG 5 MG CPR 28
